Id,ActivityDate,TotalSteps,TotalDistance,TrackerDistance,LoggedActivitiesDistance,VeryActiveDistance,ModeratelyActiveDistance,LightActiveDistance,SedentaryActiveDistance,VeryActiveMinutes,FairlyActiveMinutes,LightlyActiveMinutes,SedentaryMinutes,Calories,LikelyNotWorn,TotalSleepRecords,TotalMinutesAsleep,TotalTimeInBed,WeightKg,BMI,IsManualReport,AvgHeartRate,MinHeartRate,MaxHeartRate,AvgMET,AvgIntensity,TotalIntensity,Weekday
1503960366,2016-04-12,13162,8.5,8.5,0.0,1.87999999523163,0.550000011920929,6.05999994277954,0.0,25,13,328,728,1985,False,1.0,327.0,346.0,,,,,,,1.7528472222222224,0.29791666666666666,429.0,Tuesday
1503960366,2016-04-13,10735,6.96999979019165,6.96999979019165,0.0,1.57000005245209,0.689999997615814,4.71000003814697,0.0,21,19,217,776,1797,False,2.0,384.0,407.0,,,,,,,1.5874305555555555,0.220833375,318.0,Wednesday
1503960366,2016-04-14,10460,6.73999977111816,6.73999977111816,0.0,2.44000005722046,0.400000005960464,3.91000008583069,0.0,30,11,181,1218,1776,False,,,,,,,,,,1.5686805555555554,0.20347225,293.0,Thursday
1503960366,2016-04-15,9762,6.28000020980835,6.28000020980835,0.0,2.14000010490417,1.25999999046326,2.82999992370605,0.0,29,34,209,726,1745,False,1.0,412.0,442.0,,,,,,,1.5409722222222222,0.25277770833333335,364.0,Friday
1503960366,2016-04-16,12669,8.15999984741211,8.15999984741211,0.0,2.71000003814697,0.409999996423721,5.03999996185303,0.0,36,10,221,773,1863,False,2.0,340.0,367.0,,,,,,,1.6454166666666665,0.24236112499999998,349.0,Saturday
1503960366,2016-04-17,9705,6.48000001907349,6.48000001907349,0.0,3.19000005722046,0.779999971389771,2.50999999046326,0.0,38,20,164,539,1728,False,1.0,700.0,712.0,,,,,,,1.5258333333333334,0.22083333333333333,318.0,Sunday
1503960366,2016-04-18,13019,8.59000015258789,8.59000015258789,0.0,3.25,0.639999985694885,4.71000003814697,0.0,42,16,233,1149,1921,False,,,,,,,,,,1.696736111111111,0.27152775,391.0,Monday
1503960366,2016-04-19,15506,9.88000011444092,9.88000011444092,0.0,3.52999997138977,1.32000005245209,5.03000020980835,0.0,50,31,264,775,2035,False,1.0,304.0,320.0,,,,,,,1.7974305555555556,0.3305556666666667,476.0,Tuesday
1503960366,2016-04-20,10544,6.67999982833862,6.67999982833862,0.0,1.96000003814697,0.479999989271164,4.23999977111816,0.0,28,12,205,818,1786,False,1.0,360.0,377.0,,,,,,,1.5775000000000001,0.21736104166666667,313.0,Wednesday
1503960366,2016-04-21,9819,6.34000015258789,6.34000015258789,0.0,1.3400000333786,0.349999994039536,4.65000009536743,0.0,19,8,211,838,1775,False,1.0,325.0,364.0,,,,,,,1.5678472222222222,0.197222125,284.0,Thursday
1503960366,2016-04-22,12764,8.13000011444092,8.13000011444092,0.0,4.76000022888184,1.12000000476837,2.24000000953674,0.0,66,27,130,1217,1827,False,,,,,,,,,,1.6140277777777778,0.2652778333333333,382.0,Friday
1503960366,2016-04-23,14371,9.03999996185303,9.03999996185303,0.0,2.80999994277954,0.870000004768372,5.3600001335144,0.0,41,21,262,732,1949,False,1.0,361.0,384.0,,,,,,,1.72125,0.29652775000000003,427.0,Saturday
1503960366,2016-04-24,10039,6.40999984741211,6.40999984741211,0.0,2.92000007629395,0.209999993443489,3.27999997138977,0.0,39,5,238,709,1788,False,1.0,430.0,449.0,,,,,,,1.5795833333333333,0.25347225,365.0,Sunday
1503960366,2016-04-25,15355,9.80000019073486,9.80000019073486,0.0,5.28999996185303,0.569999992847443,3.94000005722046,0.0,73,14,216,814,2013,False,1.0,277.0,323.0,,,,,,,1.7774999999999999,0.3215277916666667,463.0,Monday
1503960366,2016-04-26,13755,8.78999996185303,8.78999996185303,0.0,2.32999992370605,0.920000016689301,5.53999996185303,0.0,31,23,279,833,1970,False,1.0,245.0,274.0,,,,,,,1.7399999999999998,0.2902777916666667,418.0,Tuesday
1503960366,2016-04-27,18134,12.210000038147,12.210000038147,0.0,6.40000009536743,0.409999996423721,5.40999984741211,0.0,78,11,243,1108,2159,False,,,,,,,,,,1.9063194444444445,0.34652779166666664,499.0,Wednesday
1503960366,2016-04-28,13154,8.52999973297119,8.52999973297119,0.0,3.53999996185303,1.1599999666214,3.78999996185303,0.0,48,28,189,782,1898,False,1.0,366.0,393.0,,,,,,,1.6764583333333334,0.270138875,389.0,Thursday
1503960366,2016-04-29,11181,7.15000009536743,7.15000009536743,0.0,1.05999994277954,0.5,5.57999992370605,0.0,16,12,243,815,1837,False,1.0,341.0,354.0,,,,,,,1.6225694444444443,0.21875,315.0,Friday
1503960366,2016-04-30,14673,9.25,9.25,0.0,3.55999994277954,1.41999995708466,4.26999998092651,0.0,52,34,217,712,1947,False,1.0,404.0,425.0,,,,,,,1.7196527777777777,0.30625004166666664,441.0,Saturday
1503960366,2016-05-01,10602,6.80999994277954,6.80999994277954,0.0,2.28999996185303,1.60000002384186,2.92000007629395,0.0,33,35,246,730,1820,False,1.0,369.0,396.0,,,,,,,1.6168055555555554,0.28819445833333335,415.0,Sunday
1503960366,2016-05-02,14727,9.71000003814697,9.71000003814697,0.0,3.21000003814697,0.569999992847443,5.92000007629395,0.0,41,15,277,798,2004,False,1.0,277.0,309.0,52.5999984741211,22.6499996185303,True,,,,1.781597222222222,0.2986112083333333,430.0,Monday
1503960366,2016-05-03,15103,9.65999984741211,9.65999984741211,0.0,3.73000001907349,1.04999995231628,4.88000011444092,0.0,50,24,254,816,1990,False,1.0,273.0,296.0,52.5999984741211,22.6499996185303,True,,,,1.7692361111111112,0.313888875,452.0,Tuesday
1503960366,2016-05-04,11100,7.15000009536743,7.15000009536743,0.0,2.46000003814697,0.870000004768372,3.8199999332428,0.0,36,22,203,1179,1819,False,,,,,,,,,,1.6171527777777779,0.2465277916666667,355.0,Wednesday
1503960366,2016-05-05,14070,8.89999961853027,8.89999961853027,0.0,2.92000007629395,1.08000004291534,4.88000011444092,0.0,45,24,250,857,1959,False,1.0,247.0,264.0,,,,,,,1.7418055555555554,0.30069445833333336,433.0,Thursday
1503960366,2016-05-06,12159,8.02999973297119,8.02999973297119,0.0,1.97000002861023,0.25,5.80999994277954,0.0,24,6,289,754,1896,False,1.0,334.0,367.0,,,,,,,1.6855555555555555,0.25902787499999996,373.0,Friday
1503960366,2016-05-07,11992,7.71000003814697,7.71000003814697,0.0,2.46000003814697,2.11999988555908,3.13000011444092,0.0,37,46,175,833,1821,False,1.0,331.0,349.0,,,,,,,1.6188194444444446,0.2625000416666667,378.0,Saturday
1503960366,2016-05-08,10060,6.57999992370605,6.57999992370605,0.0,3.52999997138977,0.319999992847443,2.73000001907349,0.0,44,8,203,574,1740,False,1.0,594.0,611.0,,,,,,,1.546875,0.24375,351.0,Sunday
1503960366,2016-05-09,12022,7.71999979019165,7.71999979019165,0.0,3.45000004768372,0.529999971389771,3.74000000953674,0.0,46,11,206,835,1819,False,1.0,338.0,342.0,,,,,,,1.6172916666666666,0.25416679166666667,366.0,Monday
1503960366,2016-05-10,12207,7.76999998092651,7.76999998092651,0.0,3.34999990463257,1.1599999666214,3.25999999046326,0.0,46,31,214,746,1859,False,1.0,383.0,403.0,,,,,,,1.6526388888888888,0.2875,414.0,Tuesday
1503960366,2016-05-11,12770,8.13000011444092,8.13000011444092,0.0,2.55999994277954,1.00999999046326,4.55000019073486,0.0,36,23,251,669,1783,False,1.0,285.0,306.0,,,,,,,1.7502380952380954,0.3119048095238095,393.0,Wednesday
1503960366,2016-05-12,0,0.0,0.0,0.0,0.0,0.0,0.0,0.0,0,0,0,1440,0,True,,,,,,,,,,,,,Thursday
1624580081,2016-04-12,8163,5.30999994277954,5.30999994277954,0.0,0.0,0.0,5.30999994277954,0.0,0,0,146,1294,1432,False,,,,,,,,,,1.1968055555555555,0.10138891666666666,146.0,Tuesday
1624580081,2016-04-13,7007,4.55000019073486,4.55000019073486,0.0,0.0,0.0,4.55000019073486,0.0,0,0,148,1292,1411,False,,,,,,,,,,1.179861111111111,0.10277775,148.0,Wednesday
1624580081,2016-04-14,9107,5.92000007629395,5.92000007629395,0.0,0.0,0.0,5.90999984741211,0.0099999997764825,0,0,236,1204,1572,False,,,,,,,,,,1.31375,0.16388895833333333,236.0,Thursday
1624580081,2016-04-15,1510,0.980000019073486,0.980000019073486,0.0,0.0,0.0,0.970000028610229,0.0,0,0,96,1344,1344,False,,,,,,,,,,1.1231944444444444,0.06666670833333334,96.0,Friday
1624580081,2016-04-16,5370,3.49000000953674,3.49000000953674,0.0,0.0,0.0,3.49000000953674,0.0,0,0,176,1264,1463,False,,,,,,,,,,1.2231944444444445,0.12222220833333335,176.0,Saturday
1624580081,2016-04-17,6175,4.05999994277954,4.05999994277954,0.0,1.02999997138977,1.51999998092651,1.49000000953674,0.0099999997764825,15,22,127,1276,1554,False,,,,,,,,,,1.2990277777777777,0.15000004166666667,216.0,Sunday
1624580081,2016-04-18,10536,7.40999984741211,7.40999984741211,0.0,2.15000009536743,0.620000004768372,4.61999988555908,0.0099999997764825,17,7,202,1214,1604,False,,,,,,,,,,1.3408333333333333,0.18541675,267.0,Monday
1624580081,2016-04-19,2916,1.89999997615814,1.89999997615814,0.0,0.0,0.0,1.89999997615814,0.0,0,0,141,1299,1435,False,,,,,,,,,,1.1995833333333334,0.09791675,141.0,Tuesday
1624580081,2016-04-20,4974,3.23000001907349,3.23000001907349,0.0,0.0,0.0,3.23000001907349,0.0,0,0,151,1289,1446,False,,,,,,,,,,1.2084722222222222,0.104861125,151.0,Wednesday
1624580081,2016-04-21,6349,4.13000011444092,4.13000011444092,0.0,0.0,0.0,4.1100001335144,0.0199999995529652,0,0,186,1254,1467,False,,,,,,,,,,1.2256944444444444,0.129166625,186.0,Thursday
1624580081,2016-04-22,4026,2.61999988555908,2.61999988555908,0.0,0.0,0.0,2.59999990463257,0.0,0,0,199,1241,1470,False,,,,,,,,,,1.2291666666666665,0.1381945,199.0,Friday
1624580081,2016-04-23,8538,5.55000019073486,5.55000019073486,0.0,0.0,0.0,5.53999996185303,0.0099999997764825,0,0,227,1213,1562,False,,,,,,,,,,1.3061111111111112,0.1576388333333333,227.0,Saturday
1624580081,2016-04-24,6076,3.95000004768372,3.95000004768372,0.0,1.14999997615814,0.910000026226044,1.88999998569489,0.0,16,18,185,1221,1617,False,,,,,,,,,,1.351388888888889,0.18680549999999999,269.0,Sunday
1624580081,2016-04-25,6497,4.21999979019165,4.21999979019165,0.0,0.0,0.0,4.19999980926514,0.0199999995529652,0,0,202,1238,1492,False,,,,,,,,,,1.2472222222222222,0.14027779166666668,202.0,Monday
1624580081,2016-04-26,2826,1.8400000333786,1.8400000333786,0.0,0.0,0.0,1.83000004291534,0.0099999997764825,0,0,140,1300,1402,False,,,,,,,,,,1.1718055555555555,0.09722229166666667,140.0,Tuesday
1624580081,2016-04-27,8367,5.44000005722046,5.44000005722046,0.0,1.11000001430511,1.87000000476837,2.46000003814697,0.0,17,36,154,1233,1670,False,,,,,,,,,,1.3956944444444443,0.19236116666666667,277.0,Wednesday
1624580081,2016-04-28,2759,1.78999996185303,1.78999996185303,0.0,0.0,0.200000002980232,1.60000002384186,0.0,0,5,115,1320,1401,False,,,,,,,,,,1.171527777777778,0.08680558333333332,125.0,Thursday
1624580081,2016-04-29,2390,1.54999995231628,1.54999995231628,0.0,0.0,0.0,1.54999995231628,0.0,0,0,150,1290,1404,False,,,,,,,,,,1.1736111111111112,0.10416670833333334,150.0,Friday
1624580081,2016-04-30,6474,4.30000019073486,4.30000019073486,0.0,0.899999976158142,1.27999997138977,2.11999988555908,0.0099999997764825,11,23,224,1182,1655,False,,,,,,,,,,1.3834722222222222,0.21041670833333334,303.0,Saturday
1624580081,2016-05-01,36019,28.0300006866455,28.0300006866455,0.0,21.9200000762939,4.19000005722046,1.9099999666214,0.0199999995529652,186,63,171,1020,2690,False,,,,,,,,,,2.248611111111111,0.5937500416666667,855.0,Sunday
1624580081,2016-05-02,7155,4.92999982833862,4.92999982833862,0.0,0.860000014305115,0.589999973773956,3.47000002861023,0.0,7,6,166,1261,1497,False,,,,,,,,,,1.251111111111111,0.13819441666666668,199.0,Monday
1624580081,2016-05-03,2100,1.37000000476837,1.37000000476837,0.0,0.0,0.0,1.3400000333786,0.0199999995529652,0,0,96,1344,1334,False,,,,,,,,,,1.115,0.06666675,96.0,Tuesday
1624580081,2016-05-04,2193,1.42999994754791,1.42999994754791,0.0,0.0,0.0,1.41999995708466,0.0,0,0,118,1322,1368,False,,,,,,,,,,1.1438888888888887,0.0819445,118.0,Wednesday
1624580081,2016-05-05,2470,1.61000001430511,1.61000001430511,0.0,0.0,0.0,1.58000004291534,0.0199999995529652,0,0,117,1323,1370,False,,,,,,,,,,1.1455555555555557,0.08125008333333333,117.0,Thursday
1624580081,2016-05-06,1727,1.12000000476837,1.12000000476837,0.0,0.0,0.0,1.12000000476837,0.0099999997764825,0,0,102,1338,1341,False,,,,,,,,,,1.1208333333333333,0.07083333333333333,102.0,Friday
1624580081,2016-05-07,2104,1.37000000476837,1.37000000476837,0.0,0.0,0.0,1.37000000476837,0.0,0,0,182,1258,1474,False,,,,,,,,,,1.2318055555555556,0.12638895833333333,182.0,Saturday
1624580081,2016-05-08,3427,2.23000001907349,2.23000001907349,0.0,0.0,0.0,2.22000002861023,0.0,0,0,152,1288,1427,False,,,,,,,,,,1.1927777777777777,0.105555625,152.0,Sunday
1624580081,2016-05-09,1732,1.12999999523163,1.12999999523163,0.0,0.0,0.0,1.12999999523163,0.0,0,0,91,1349,1328,False,,,,,,,,,,1.1102777777777777,0.0631945,91.0,Monday
1624580081,2016-05-10,2969,1.92999994754791,1.92999994754791,0.0,0.0,0.0,1.91999995708466,0.0099999997764825,0,0,139,1301,1393,False,,,,,,,,,,1.1643055555555555,0.096527875,139.0,Tuesday
1624580081,2016-05-11,3134,2.03999996185303,2.03999996185303,0.0,0.0,0.0,2.03999996185303,0.0,0,0,112,1328,1359,False,,,,,,,,,,1.1356944444444443,0.07777787500000001,112.0,Wednesday
1624580081,2016-05-12,2971,1.92999994754791,1.92999994754791,0.0,0.0,0.0,1.91999995708466,0.0099999997764825,0,0,107,890,1002,False,,,,,,,,,,1.2008333333333332,0.103125,99.0,Thursday
1644430081,2016-04-12,10694,7.76999998092651,7.76999998092651,0.0,0.140000000596046,2.29999995231628,5.32999992370605,0.0,2,51,256,1131,3199,False,,,,,,,,,,1.5811111111111111,0.25277775,364.0,Tuesday
1644430081,2016-04-13,8001,5.82000017166138,5.82000017166138,0.0,2.27999997138977,0.899999976158142,2.64000010490417,0.0,30,16,135,1259,2902,False,,,,,,,,,,1.4344444444444444,0.17847225,257.0,Wednesday
1644430081,2016-04-14,11037,8.02000045776367,8.02000045776367,0.0,0.360000014305115,2.55999994277954,5.09999990463257,0.0,5,58,252,1125,3226,False,,,,,,,,,,1.5944444444444446,0.26597224999999997,383.0,Thursday
1644430081,2016-04-15,5263,3.82999992370605,3.82999992370605,0.0,0.219999998807907,0.150000005960464,3.45000004768372,0.0,3,4,170,1263,2750,False,,,,,,,,,,1.3591666666666666,0.129861125,187.0,Friday
1644430081,2016-04-16,15300,11.1199998855591,11.1199998855591,0.0,4.09999990463257,1.87999999523163,5.09000015258789,0.0,51,42,212,1135,3493,False,,,,,,,,,,1.726388888888889,0.3118055,449.0,Saturday
1644430081,2016-04-17,8757,6.36999988555908,6.36999988555908,0.0,2.25,0.569999992847443,3.54999995231628,0.0,29,13,186,1212,3011,False,,,,,,,,,,1.4879166666666666,0.207638875,299.0,Sunday
1644430081,2016-04-18,7132,5.19000005722046,5.19000005722046,0.0,1.07000005245209,1.66999995708466,2.45000004768372,0.0,15,33,121,1271,2806,False,,,,,,,,,,1.3869444444444443,0.16111108333333332,232.0,Monday
1644430081,2016-04-19,11256,8.18000030517578,8.18000030517578,0.0,0.360000014305115,2.52999997138977,5.30000019073486,0.0,5,58,278,1099,3300,False,,,,,,,,,,1.6081944444444445,0.26736112500000003,385.0,Tuesday
1644430081,2016-04-20,2436,1.76999998092651,1.76999998092651,0.0,0.0,0.0,1.75999999046326,0.0099999997764825,0,0,125,1315,2430,False,,,,,,,,,,1.2009722222222223,0.0868055,125.0,Wednesday
1644430081,2016-04-21,1223,0.889999985694885,0.889999985694885,0.0,0.0,0.0,0.879999995231628,0.0099999997764825,0,0,38,1402,2140,False,,,,,,,,,,1.0577777777777777,0.026388916666666668,38.0,Thursday
1644430081,2016-04-22,3673,2.67000007629395,2.67000007629395,0.0,0.0,0.0,2.66000008583069,0.0099999997764825,0,0,86,1354,2344,False,,,,,,,,,,1.1584722222222221,0.05972225,86.0,Friday
1644430081,2016-04-23,6637,4.82999992370605,4.82999992370605,0.0,0.0,0.579999983310699,4.25,0.0,0,15,160,1265,2677,False,,,,,,,,,,1.3230555555555557,0.1319445,190.0,Saturday
1644430081,2016-04-24,3321,2.41000008583069,2.41000008583069,0.0,0.0,0.0,2.41000008583069,0.0,0,0,89,1351,2413,False,,,,,,,,,,1.1927777777777777,0.061805625,89.0,Sunday
1644430081,2016-04-25,3580,2.59999990463257,2.59999990463257,0.0,0.589999973773956,0.0599999986588955,1.95000004768372,0.0,8,1,94,1337,2497,False,,,,,,,,,,1.2341666666666666,0.08333333333333333,120.0,Monday
1644430081,2016-04-26,9919,7.21000003814697,7.21000003814697,0.0,0.800000011920929,1.72000002861023,4.69000005722046,0.0,11,41,223,1165,3123,False,,,,,,,,,,1.5433333333333334,0.23472220833333335,338.0,Tuesday
1644430081,2016-04-27,3032,2.20000004768372,2.20000004768372,0.0,0.0,0.0,2.20000004768372,0.0,0,0,118,1322,2489,False,,,,,,,,,,1.2302777777777778,0.0819445,118.0,Wednesday
1644430081,2016-04-28,9405,6.84000015258789,6.84000015258789,0.0,0.200000002980232,2.3199999332428,4.30999994277954,0.0,3,53,227,1157,3108,False,,,,,,,,,,1.5362500000000001,0.23750000000000002,342.0,Thursday
1644430081,2016-04-29,3176,2.30999994277954,2.30999994277954,0.0,0.0,0.0,2.30999994277954,0.0,0,0,120,1193,2498,False,1.0,119.0,127.0,,,,,,,1.2344444444444445,0.083333375,120.0,Friday
1644430081,2016-04-30,18213,13.2399997711182,13.2399997711182,0.0,0.629999995231628,3.14000010490417,9.46000003814697,0.0,9,71,402,816,3846,False,1.0,124.0,142.0,,,,,,,1.9006944444444442,0.3965278333333333,571.0,Saturday
1644430081,2016-05-01,6132,4.46000003814697,4.46000003814697,0.0,0.239999994635582,0.990000009536743,3.23000001907349,0.0,3,24,146,908,2696,False,,,,,,,,,,1.332361111111111,0.14097216666666668,203.0,Sunday
1644430081,2016-05-02,3758,2.73000001907349,2.73000001907349,0.0,0.0700000002980232,0.310000002384186,2.34999990463257,0.0,1,7,148,682,2580,False,1.0,796.0,961.0,,,,,,,1.2533333333333334,0.09861116666666665,142.0,Monday
1644430081,2016-05-03,12850,9.34000015258789,9.34000015258789,0.0,0.720000028610229,4.09000015258789,4.53999996185303,0.0,10,94,221,1115,3324,False,,,,,,,,,,1.6411111111111112,0.30277783333333336,436.0,Tuesday
1644430081,2016-05-04,2309,1.67999994754791,1.67999994754791,0.0,0.0,0.0,1.6599999666214,0.0199999995529652,0,0,52,1388,2222,False,,,,,,,,,,1.0984722222222223,0.036111125,52.0,Wednesday
1644430081,2016-05-05,4363,3.19000005722046,3.19000005722046,0.0,0.519999980926514,0.540000021457672,2.13000011444092,0.0099999997764825,6,12,81,1341,2463,False,,,,,,,,,,1.2175694444444445,0.08541666666666665,123.0,Thursday
1644430081,2016-05-06,9787,7.11999988555908,7.11999988555908,0.0,0.819999992847443,0.270000010728836,6.01000022888184,0.0199999995529652,11,6,369,1054,3328,False,,,,,,,,,,1.6723611111111112,0.2944444583333333,424.0,Friday
1644430081,2016-05-07,13372,9.72000026702881,9.72000026702881,0.0,3.25999999046326,0.790000021457672,5.67000007629395,0.0099999997764825,41,17,243,1139,3404,False,,,,,,,,,,1.6821527777777778,0.27777783333333333,400.0,Saturday
1644430081,2016-05-08,6724,4.8899998664856,4.8899998664856,0.0,0.0,0.0,4.88000011444092,0.0,0,0,295,991,2987,False,1.0,137.0,154.0,,,,,,,1.4765277777777777,0.204861125,295.0,Sunday
1644430081,2016-05-09,6643,4.82999992370605,4.82999992370605,0.0,2.39000010490417,0.349999994039536,2.08999991416931,0.0099999997764825,32,6,303,1099,3008,False,,,,,,,,,,1.4866666666666668,0.28541675,411.0,Monday
1644430081,2016-05-10,9167,6.65999984741211,6.65999984741211,0.0,0.879999995231628,0.810000002384186,4.96999979019165,0.0099999997764825,12,19,155,1254,2799,False,,,,,,,,,,1.3836111111111111,0.15902779166666667,229.0,Tuesday
1644430081,2016-05-11,1329,0.970000028610229,0.970000028610229,0.0,0.0,0.0,0.949999988079071,0.0099999997764825,0,0,49,713,1276,False,,,,,,,,,,1.1652777777777779,0.05555541666666667,40.0,Wednesday
1844505072,2016-04-12,6697,4.42999982833862,4.42999982833862,0.0,0.0,0.0,4.42999982833862,0.0,0,0,339,1101,2030,False,,,,,,,,,,1.5072222222222222,0.23541662500000002,339.0,Tuesday
1844505072,2016-04-13,4929,3.25999999046326,3.25999999046326,0.0,0.0,0.0,3.25999999046326,0.0,0,0,248,1192,1860,False,,,,,,,,,,1.3805555555555555,0.17222229166666667,248.0,Wednesday
1844505072,2016-04-14,7937,5.25,5.25,0.0,0.0,0.0,5.23000001907349,0.0,0,0,373,843,2130,False,,,,,,,,,,1.5813888888888887,0.25902783333333335,373.0,Thursday
1844505072,2016-04-15,3844,2.53999996185303,2.53999996185303,0.0,0.0,0.0,2.53999996185303,0.0,0,0,176,527,1725,False,1.0,644.0,961.0,,,,,,,1.2809722222222222,0.12222220833333335,176.0,Friday
1844505072,2016-04-16,3414,2.25999999046326,2.25999999046326,0.0,0.0,0.0,2.25999999046326,0.0,0,0,147,1293,1657,False,,,,,,,,,,1.2302777777777778,0.10208333333333335,147.0,Saturday
1844505072,2016-04-17,4525,2.99000000953674,2.99000000953674,0.0,0.140000000596046,0.259999990463257,2.58999991416931,0.0,2,8,199,1231,1793,False,,,,,,,,,,1.3313888888888887,0.15347220833333333,221.0,Sunday
1844505072,2016-04-18,4597,3.03999996185303,3.03999996185303,0.0,0.0,0.479999989271164,2.55999994277954,0.0,0,12,217,1211,1814,False,,,,,,,,,,1.346111111111111,0.167361125,241.0,Monday
1844505072,2016-04-19,197,0.129999995231628,0.129999995231628,0.0,0.0,0.0,0.129999995231628,0.0,0,0,10,1430,1366,False,,,,,,,,,,1.0141666666666667,0.006944458333333334,10.0,Tuesday
1844505072,2016-04-20,8,0.0099999997764825,0.0099999997764825,0.0,0.0,0.0,0.0099999997764825,0.0,0,0,1,1439,1349,False,,,,,,,,,,1.0015277777777778,0.0006944583333333334,1.0,Wednesday
1844505072,2016-04-21,8054,5.32000017166138,5.32000017166138,0.0,0.119999997317791,0.519999980926514,4.67999982833862,0.0,2,13,308,1117,2062,False,,,,,,,,,,1.5309722222222222,0.23611116666666665,340.0,Thursday
1844505072,2016-04-22,5372,3.54999995231628,3.54999995231628,0.0,0.0,0.0,3.54999995231628,0.0,0,0,220,1220,1827,False,,,,,,,,,,1.3566666666666667,0.15277775000000002,220.0,Friday
1844505072,2016-04-23,3570,2.35999989509583,2.35999989509583,0.0,0.0,0.0,2.35999989509583,0.0,0,0,139,1301,1645,False,,,,,,,,,,1.2209722222222221,0.09652783333333333,139.0,Saturday
1844505072,2016-04-24,0,0.0,0.0,0.0,0.0,0.0,0.0,0.0,0,0,0,1440,1347,True,,,,,,,,,,1.0,0.0,0.0,Sunday
1844505072,2016-04-25,0,0.0,0.0,0.0,0.0,0.0,0.0,0.0,0,0,0,1440,1347,True,,,,,,,,,,1.0,0.0,0.0,Monday
1844505072,2016-04-26,0,0.0,0.0,0.0,0.0,0.0,0.0,0.0,0,0,0,1440,1347,True,,,,,,,,,,1.0,0.0,0.0,Tuesday
1844505072,2016-04-27,4,0.0,0.0,0.0,0.0,0.0,0.0,0.0,0,0,1,1439,1348,False,,,,,,,,,,1.001111111111111,0.0006944583333333334,1.0,Wednesday
1844505072,2016-04-28,6907,4.57000017166138,4.57000017166138,0.0,0.0,0.0,4.55999994277954,0.0,0,0,302,1138,1992,False,,,,,,,,,,1.47875,0.20972225,302.0,Thursday
1844505072,2016-04-29,4920,3.25,3.25,0.0,0.0,0.0,3.25,0.0,0,0,247,1082,1856,False,,,,,,,,,,1.3777777777777778,0.17152779166666665,247.0,Friday
1844505072,2016-04-30,4014,2.67000007629395,2.67000007629395,0.0,0.0,0.0,2.65000009536743,0.0,0,0,184,218,1763,False,1.0,722.0,961.0,,,,,,,1.308611111111111,0.127777875,184.0,Saturday
1844505072,2016-05-01,2573,1.70000004768372,1.70000004768372,0.0,0.0,0.259999990463257,1.45000004768372,0.0,0,7,75,585,1541,False,1.0,590.0,961.0,,,,,,,1.1441666666666666,0.06180558333333334,89.0,Sunday
1844505072,2016-05-02,0,0.0,0.0,0.0,0.0,0.0,0.0,0.0,0,0,0,1440,1348,True,,,,,,,,,,1.0005555555555556,0.0,0.0,Monday
1844505072,2016-05-03,4059,2.6800000667572,2.6800000667572,0.0,0.0,0.0,2.6800000667572,0.0,0,0,184,1256,1742,False,,,,,,,,,,1.2934722222222221,0.12777779166666667,184.0,Tuesday
1844505072,2016-05-04,2080,1.37000000476837,1.37000000476837,0.0,0.0,0.0,1.37000000476837,0.0,0,0,87,1353,1549,False,,,,,,,,,,1.1501388888888888,0.06041666666666667,87.0,Wednesday
1844505072,2016-05-05,2237,1.48000001907349,1.48000001907349,0.0,0.0,0.0,1.48000001907349,0.0,0,0,120,1320,1589,False,,,,,,,,,,1.1800000000000002,0.08333333333333333,120.0,Thursday
1844505072,2016-05-06,44,0.0299999993294477,0.0299999993294477,0.0,0.0,0.0,0.0299999993294477,0.0,0,0,2,1438,1351,False,,,,,,,,,,1.0029166666666667,0.0013888750000000001,2.0,Friday
1844505072,2016-05-07,0,0.0,0.0,0.0,0.0,0.0,0.0,0.0,0,0,0,1440,1347,True,,,,,,,,,,1.000138888888889,0.0,0.0,Saturday
1844505072,2016-05-08,0,0.0,0.0,0.0,0.0,0.0,0.0,0.0,0,0,0,1440,1347,True,,,,,,,,,,1.000138888888889,0.0,0.0,Sunday
1844505072,2016-05-09,0,0.0,0.0,0.0,0.0,0.0,0.0,0.0,0,0,0,1440,1347,True,,,,,,,,,,1.0,0.0,0.0,Monday
1844505072,2016-05-10,0,0.0,0.0,0.0,0.0,0.0,0.0,0.0,0,0,0,1440,1347,True,,,,,,,,,,1.0,0.0,0.0,Tuesday
1844505072,2016-05-11,0,0.0,0.0,0.0,0.0,0.0,0.0,0.0,0,0,0,1440,1347,True,,,,,,,,,,1.0,0.0,0.0,Wednesday
1844505072,2016-05-12,0,0.0,0.0,0.0,0.0,0.0,0.0,0.0,0,0,0,711,665,False,,,,,,,,,,1.0,0.0,0.0,Thursday
1927972279,2016-04-12,678,0.469999998807907,0.469999998807907,0.0,0.0,0.0,0.469999998807907,0.0,0,0,55,734,2220,False,3.0,750.0,775.0,,,,,,,1.0832638888888888,0.03819441666666667,55.0,Tuesday
1927972279,2016-04-13,356,0.25,0.25,0.0,0.0,0.0,0.25,0.0,0,0,32,986,2151,False,1.0,398.0,422.0,133.5,47.5400009155273,False,,,,1.042638888888889,0.022222208333333337,32.0,Wednesday
1927972279,2016-04-14,2163,1.5,1.5,0.0,0.0,0.400000005960464,1.10000002384186,0.0,0,9,88,1292,2383,False,,,,,,,,,,1.1550694444444445,0.07361116666666667,106.0,Thursday
1927972279,2016-04-15,980,0.680000007152557,0.680000007152557,0.0,0.0,0.0,0.680000007152557,0.0,0,0,51,941,2221,False,2.0,475.0,499.0,,,,,,,1.0769444444444445,0.035416666666666666,51.0,Friday
1927972279,2016-04-16,0,0.0,0.0,0.0,0.0,0.0,0.0,0.0,0,0,0,1440,2064,True,,,,,,,,,,1.0,0.0,0.0,Saturday
1927972279,2016-04-17,0,0.0,0.0,0.0,0.0,0.0,0.0,0.0,0,0,0,1440,2063,True,,,,,,,,,,1.000138888888889,0.0,0.0,Sunday
1927972279,2016-04-18,244,0.170000001788139,0.170000001788139,0.0,0.0,0.0,0.170000001788139,0.0,0,0,17,1423,2111,False,,,,,,,,,,1.0233333333333332,0.011805583333333335,17.0,Monday
1927972279,2016-04-19,0,0.0,0.0,0.0,0.0,0.0,0.0,0.0,0,0,0,1440,2063,True,,,,,,,,,,1.0,0.0,0.0,Tuesday
1927972279,2016-04-20,0,0.0,0.0,0.0,0.0,0.0,0.0,0.0,0,0,0,1440,2063,True,,,,,,,,,,1.0,0.0,0.0,Wednesday
1927972279,2016-04-21,0,0.0,0.0,0.0,0.0,0.0,0.0,0.0,0,0,0,1440,2064,True,,,,,,,,,,1.0004861111111112,0.0,0.0,Thursday
1927972279,2016-04-22,149,0.100000001490116,0.100000001490116,0.0,0.0,0.0,0.100000001490116,0.0,0,0,10,1430,2093,False,,,,,,,,,,1.0147222222222223,0.006944458333333334,10.0,Friday
1927972279,2016-04-23,2945,2.03999996185303,2.03999996185303,0.0,0.0,0.0,2.03999996185303,0.0,0,0,145,1295,2499,False,,,,,,,,,,1.2113888888888888,0.10069441666666668,145.0,Saturday
1927972279,2016-04-24,2090,1.45000004768372,1.45000004768372,0.0,0.0700000002980232,0.239999994635582,1.13999998569489,0.0,1,6,75,1358,2324,False,,,,,,,,,,1.126875,0.06250004166666666,90.0,Sunday
1927972279,2016-04-25,152,0.109999999403954,0.109999999403954,0.0,0.0,0.0,0.109999999403954,0.0,0,0,12,1303,2100,False,,,,,,,,,,1.0173611111111112,0.008333333333333333,12.0,Monday
1927972279,2016-04-26,3761,2.59999990463257,2.59999990463257,0.0,0.0,0.0,2.59999990463257,0.0,0,0,192,1058,2638,False,1.0,296.0,315.0,,,,,,,1.278888888888889,0.133333375,192.0,Tuesday
1927972279,2016-04-27,0,0.0,0.0,0.0,0.0,0.0,0.0,0.0,0,0,0,1440,2063,True,,,,,,,,,,1.000138888888889,0.0,0.0,Wednesday
1927972279,2016-04-28,1675,1.1599999666214,1.1599999666214,0.0,0.0,0.0,1.1599999666214,0.0,0,0,95,1167,2351,False,1.0,166.0,178.0,,,,,,,1.1396527777777776,0.06597225,95.0,Thursday
1927972279,2016-04-29,0,0.0,0.0,0.0,0.0,0.0,0.0,0.0,0,0,0,1440,2063,True,,,,,,,,,,1.0,0.0,0.0,Friday
1927972279,2016-04-30,0,0.0,0.0,0.0,0.0,0.0,0.0,0.0,0,0,0,1440,2064,True,,,,,,,,,,1.0,0.0,0.0,Saturday
1927972279,2016-05-01,2704,1.87000000476837,1.87000000476837,0.0,1.00999999046326,0.0299999993294477,0.829999983310699,0.0,14,1,70,1355,2411,False,,,,,,,,,,1.1688888888888889,0.07916666666666668,114.0,Sunday
1927972279,2016-05-02,3790,2.61999988555908,2.61999988555908,0.0,1.1599999666214,0.300000011920929,1.1599999666214,0.0,16,8,94,1322,2505,False,,,,,,,,,,1.214236111111111,0.10972225000000001,158.0,Monday
1927972279,2016-05-03,1326,0.920000016689301,0.920000016689301,0.0,0.730000019073486,0.0,0.180000007152557,0.0,10,0,17,1413,2195,False,,,,,,,,,,1.064375,0.03263891666666666,47.0,Tuesday
1927972279,2016-05-04,1786,1.24000000953674,1.24000000953674,0.0,0.0,0.0,1.24000000953674,0.0,0,0,87,1353,2338,False,,,,,,,,,,1.1336111111111111,0.06041679166666667,87.0,Wednesday
1927972279,2016-05-05,0,0.0,0.0,0.0,0.0,0.0,0.0,0.0,0,0,0,1440,2063,True,,,,,,,,,,1.0,0.0,0.0,Thursday
1927972279,2016-05-06,2091,1.45000004768372,1.45000004768372,0.0,0.0,0.0,1.45000004768372,0.0,0,0,108,1332,2383,False,,,,,,,,,,1.1550694444444445,0.075,108.0,Friday
1927972279,2016-05-07,1510,1.03999996185303,1.03999996185303,0.0,0.0,0.0,1.03999996185303,0.0,0,0,48,1392,2229,False,,,,,,,,,,1.0809027777777778,0.03333333333333333,48.0,Saturday
1927972279,2016-05-08,0,0.0,0.0,0.0,0.0,0.0,0.0,0.0,0,0,0,1440,2063,True,,,,,,,,,,1.0000694444444445,0.0,0.0,Sunday
1927972279,2016-05-09,0,0.0,0.0,0.0,0.0,0.0,0.0,0.0,0,0,0,1440,2063,True,,,,,,,,,,1.0,0.0,0.0,Monday
1927972279,2016-05-10,0,0.0,0.0,0.0,0.0,0.0,0.0,0.0,0,0,0,1440,2063,True,,,,,,,,,,1.0,0.0,0.0,Tuesday
1927972279,2016-05-11,0,0.0,0.0,0.0,0.0,0.0,0.0,0.0,0,0,0,1440,2063,True,,,,,,,,,,1.0,0.0,0.0,Wednesday
1927972279,2016-05-12,0,0.0,0.0,0.0,0.0,0.0,0.0,0.0,0,0,0,966,1383,False,,,,,,,,,,1.0,0.0,0.0,Thursday
2022484408,2016-04-12,11875,8.34000015258789,8.34000015258789,0.0,3.30999994277954,0.769999980926514,4.26000022888184,0.0,42,14,227,1157,2390,False,,,,,,,75.80417700578991,52.0,134.0,1.5996527777777778,0.264583375,381.0,Tuesday
2022484408,2016-04-13,12024,8.5,8.5,0.0,2.99000000953674,0.100000001490116,5.40999984741211,0.0,43,5,292,1100,2601,False,,,,,,,80.33758439609902,51.0,156.0,1.7412500000000002,0.29930558333333335,431.0,Wednesday
2022484408,2016-04-14,10690,7.5,7.5,0.0,2.48000001907349,0.209999993443489,4.82000017166138,0.0,32,3,257,1148,2312,False,,,,,,,72.62859712230215,50.0,127.0,1.5478472222222224,0.24930554166666666,359.0,Thursday
2022484408,2016-04-15,11034,8.02999973297119,8.02999973297119,0.0,1.94000005722046,0.310000002384186,5.78000020980835,0.0,27,9,282,1122,2525,False,,,,,,,80.43738211995473,53.0,189.0,1.6904166666666665,0.26458333333333334,381.0,Friday
2022484408,2016-04-16,10100,7.09000015258789,7.09000015258789,0.0,3.15000009536743,0.550000011920929,3.39000010490417,0.0,41,11,151,1237,2177,False,,,,,,,75.96054724785238,49.0,136.0,1.4572222222222222,0.20555562500000002,296.0,Saturday
2022484408,2016-04-17,15112,11.3999996185303,11.3999996185303,0.0,3.86999988555908,0.660000026226044,6.88000011444092,0.0,28,29,331,1052,2782,False,,,,,,,83.9171382376718,52.0,161.0,1.8620833333333333,0.3284722083333333,473.0,Sunday
2022484408,2016-04-18,14131,10.0699996948242,10.0699996948242,0.0,3.64000010490417,0.119999997317791,6.30000019073486,0.0,48,3,311,1078,2770,False,,,,,,,82.71282877079979,54.0,153.0,1.8543055555555554,0.32013891666666666,461.0,Monday
2022484408,2016-04-19,11548,8.52999973297119,8.52999973297119,0.0,3.28999996185303,0.239999994635582,5.0,0.0,31,7,250,1152,2489,False,,,,,,,81.954,54.0,162.0,1.6652777777777779,0.247916625,357.0,Tuesday
2022484408,2016-04-20,15112,10.6700000762939,10.6700000762939,0.0,3.33999991416931,1.92999994754791,5.40000009536743,0.0,48,63,276,1053,2897,False,,,,,,,83.44403973509934,50.0,166.0,1.9388888888888889,0.37916675,546.0,Wednesday
2022484408,2016-04-21,12453,8.73999977111816,8.73999977111816,0.0,3.32999992370605,1.11000001430511,4.30999994277954,0.0,104,53,255,1028,3158,False,,,,,,,86.37481962481962,53.0,203.0,2.11375,0.46736112500000004,673.0,Thursday
2022484408,2016-04-22,12954,9.32999992370605,9.32999992370605,0.0,4.42999982833862,0.419999986886978,4.46999979019165,0.0,52,10,273,1105,2638,False,,,,,,,80.12544357700497,52.0,153.0,1.7660416666666667,0.3118055416666667,449.0,Friday
2022484408,2016-04-23,6001,4.21000003814697,4.21000003814697,0.0,0.0,0.0,4.21000003814697,0.0,0,0,249,1191,2069,False,,,,,,,71.75562470081378,50.0,109.0,1.3847222222222222,0.17291674999999998,249.0,Saturday
2022484408,2016-04-24,13481,10.2799997329712,10.2799997329712,0.0,4.55000019073486,1.14999997615814,4.57999992370605,0.0,37,26,216,1161,2529,False,,,,,,,82.42124019957234,53.0,163.0,1.6929166666666666,0.26319441666666665,379.0,Sunday
2022484408,2016-04-25,11369,8.01000022888184,8.01000022888184,0.0,3.32999992370605,0.219999998807907,4.46000003814697,0.0,44,8,217,1171,2470,False,,,,,,,82.59916054564533,49.0,159.0,1.653125,0.2534722916666667,365.0,Monday
2022484408,2016-04-26,10119,7.19000005722046,7.19000005722046,0.0,1.42999994754791,0.660000026226044,5.1100001335144,0.0,55,24,275,1086,2793,False,,,,,,,83.27837450769782,51.0,154.0,1.8693055555555556,0.33888887500000003,488.0,Tuesday
2022484408,2016-04-27,10159,7.13000011444092,7.13000011444092,0.0,1.03999996185303,0.970000028610229,5.11999988555908,0.0,19,20,282,1119,2463,False,,,,,,,80.89912181941004,38.0,145.0,1.6484027777777779,0.2631944583333333,379.0,Wednesday
2022484408,2016-04-28,10140,7.11999988555908,7.11999988555908,0.0,0.409999996423721,1.33000004291534,5.3899998664856,0.0,6,20,291,1123,2296,False,,,,,,,71.25103398669305,51.0,114.0,1.5365277777777777,0.24236116666666666,349.0,Thursday
2022484408,2016-04-29,10245,7.19000005722046,7.19000005722046,0.0,0.479999989271164,1.21000003814697,5.5,0.0,21,40,281,1098,2611,False,,,,,,,83.41287251655629,50.0,134.0,1.7476388888888887,0.29444437500000004,424.0,Friday
2022484408,2016-04-30,18387,12.9099998474121,12.9099998474121,0.0,0.939999997615814,1.39999997615814,10.5699996948242,0.0,13,23,361,1043,2732,False,,,,,,,77.54921618665695,51.0,123.0,1.828472222222222,0.30972220833333336,446.0,Saturday
2022484408,2016-05-01,10538,7.40000009536743,7.40000009536743,0.0,1.94000005722046,0.959999978542328,4.5,0.0,25,28,245,1142,2380,False,,,,,,,73.53145917001339,44.0,118.0,1.5930555555555554,0.26111100000000004,376.0,Sunday
2022484408,2016-05-02,10379,7.28999996185303,7.28999996185303,0.0,2.60999989509583,0.340000003576279,4.32999992370605,0.0,36,8,277,1119,2473,False,,,,,,,77.17174302533914,50.0,137.0,1.655625,0.27847220833333336,401.0,Monday
2022484408,2016-05-03,12183,8.73999977111816,8.73999977111816,0.0,3.99000000953674,0.46000000834465,4.28000020980835,0.0,72,14,250,1104,2752,False,,,,,,,83.01962158374212,51.0,169.0,1.841875,0.3430555416666667,494.0,Tuesday
2022484408,2016-05-04,11768,8.28999996185303,8.28999996185303,0.0,2.50999999046326,0.930000007152557,4.84999990463257,0.0,36,27,272,1105,2649,False,,,,,,,82.8033734939759,54.0,159.0,1.7731944444444445,0.3013889166666667,434.0,Wednesday
2022484408,2016-05-05,11895,8.35000038146973,8.35000038146973,0.0,2.78999996185303,0.860000014305115,4.69999980926514,0.0,55,20,253,1112,2609,False,,,,,,,80.71003111572085,55.0,156.0,1.7461805555555556,0.318055625,458.0,Thursday
2022484408,2016-05-06,10227,7.17999982833862,7.17999982833862,0.0,1.87000000476837,0.670000016689301,4.6399998664856,0.0,24,17,295,1104,2498,False,,,,,,,81.7220977976857,60.0,118.0,1.6721527777777776,0.278472125,401.0,Friday
2022484408,2016-05-07,6708,4.71000003814697,4.71000003814697,0.0,1.61000001430511,0.0799999982118607,3.01999998092651,0.0,20,2,149,1269,1995,False,,,,,,,76.06818181818181,52.0,128.0,1.3355555555555556,0.14791666666666667,213.0,Saturday
2022484408,2016-05-08,3292,2.30999994277954,2.30999994277954,0.0,0.0,0.0,2.30999994277954,0.0,0,0,135,1305,1848,False,,,,,,,76.95872093023256,53.0,127.0,1.2361805555555556,0.09375,135.0,Sunday
2022484408,2016-05-09,13379,9.39000034332275,9.39000034332275,0.0,2.11999988555908,1.62999999523163,5.6399998664856,0.0,35,47,297,1061,2709,False,,,,,,,81.51448231717075,51.0,133.0,1.813125,0.3444444583333333,496.0,Monday
2022484408,2016-05-10,12798,8.97999954223633,8.97999954223633,0.0,2.22000002861023,1.21000003814697,5.55999994277954,0.0,57,28,271,1084,2797,False,,,,,,,86.58479771148345,57.0,166.0,1.872013888888889,0.345833375,498.0,Tuesday
2022484408,2016-05-11,13272,9.31999969482422,9.31999969482422,0.0,4.17999982833862,1.14999997615814,3.99000000953674,0.0,58,25,224,1133,2544,False,,,,,,,83.52272192135625,55.0,138.0,1.7029166666666664,0.311111125,448.0,Wednesday
2022484408,2016-05-12,9117,6.40999984741211,6.40999984741211,0.0,1.27999997138977,0.670000016689301,4.44000005722046,0.0,16,16,236,728,1853,False,,,,,,,81.4136660051035,55.0,152.0,1.7377777777777776,0.307291625,295.0,Thursday
2026352035,2016-04-12,4414,2.74000000953674,2.74000000953674,0.0,0.189999997615814,0.349999994039536,2.20000004768372,0.0,3,8,181,706,1459,False,1.0,503.0,546.0,,,,,,,1.307638888888889,0.14305554166666667,206.0,Tuesday
2026352035,2016-04-13,4993,3.09999990463257,3.09999990463257,0.0,0.0,0.0,3.09999990463257,0.0,0,0,238,663,1521,False,1.0,531.0,565.0,,,,,,,1.363611111111111,0.165277875,238.0,Wednesday
2026352035,2016-04-14,3335,2.0699999332428,2.0699999332428,0.0,0.0,0.0,2.04999995231628,0.0,0,0,197,653,1431,False,1.0,545.0,568.0,,,,,,,1.282013888888889,0.13680545833333332,197.0,Thursday
2026352035,2016-04-15,3821,2.36999988555908,2.36999988555908,0.0,0.0,0.0,2.36999988555908,0.0,0,0,188,687,1444,False,1.0,523.0,573.0,,,,,,,1.2945833333333332,0.1305555,188.0,Friday
2026352035,2016-04-16,2547,1.58000004291534,1.58000004291534,0.0,0.0,0.0,1.58000004291534,0.0,0,0,150,728,1373,False,1.0,524.0,567.0,,,,,,,1.2308333333333334,0.104166625,150.0,Saturday
2026352035,2016-04-17,838,0.519999980926514,0.519999980926514,0.0,0.0,0.0,0.519999980926514,0.0,0,0,60,1053,1214,False,1.0,437.0,498.0,,,,68.65625,63.0,80.0,1.0885416666666665,0.041666666666666664,60.0,Sunday
2026352035,2016-04-18,3325,2.05999994277954,2.05999994277954,0.0,0.0,0.0,2.05999994277954,0.0,0,0,182,1062,1419,False,,,,,,,,,,1.271388888888889,0.12638875,182.0,Monday
2026352035,2016-04-19,2424,1.5,1.5,0.0,0.0,0.0,1.5,0.0,0,0,141,785,1356,False,1.0,498.0,540.0,,,,,,,1.215,0.09791670833333334,141.0,Tuesday
2026352035,2016-04-20,7222,4.48000001907349,4.48000001907349,0.0,0.0,0.0,4.48000001907349,0.0,0,0,327,623,1667,False,1.0,461.0,510.0,,,,,,,1.4936805555555555,0.22708341666666668,327.0,Wednesday
2026352035,2016-04-21,2467,1.52999997138977,1.52999997138977,0.0,0.0,0.0,1.52999997138977,0.0,0,0,153,749,1370,False,1.0,477.0,514.0,,,,,,,1.2279861111111112,0.10625000000000001,153.0,Thursday
2026352035,2016-04-22,2915,1.80999994277954,1.80999994277954,0.0,0.0,0.0,1.80999994277954,0.0,0,0,162,712,1399,False,1.0,520.0,545.0,,,,,,,1.2536805555555557,0.11250004166666666,162.0,Friday
2026352035,2016-04-23,12357,7.71000003814697,7.71000003814697,0.0,0.0,0.0,7.71000003814697,0.0,0,0,432,458,1916,False,1.0,522.0,554.0,,,,,,,1.7165277777777779,0.30000008333333333,432.0,Saturday
2026352035,2016-04-24,3490,2.16000008583069,2.16000008583069,0.0,0.0,0.0,2.16000008583069,0.0,0,0,164,704,1401,False,1.0,555.0,591.0,,,,,,,1.2555555555555555,0.113888875,164.0,Sunday
2026352035,2016-04-25,6017,3.73000001907349,3.73000001907349,0.0,0.0,0.0,3.73000001907349,0.0,0,0,260,821,1576,False,1.0,506.0,531.0,,,,99.50581395348837,70.0,125.0,1.4128472222222221,0.18055558333333332,260.0,Monday
2026352035,2016-04-26,5933,3.6800000667572,3.6800000667572,0.0,0.0,0.0,3.6800000667572,0.0,0,0,288,1018,1595,False,,,,,,,,,,1.4293055555555556,0.1999999166666667,288.0,Tuesday
2026352035,2016-04-27,6088,3.76999998092651,3.76999998092651,0.0,0.0,0.0,3.76999998092651,0.0,0,0,286,586,1593,False,1.0,508.0,545.0,,,,,,,1.427638888888889,0.19861120833333334,286.0,Wednesday
2026352035,2016-04-28,6375,3.95000004768372,3.95000004768372,0.0,0.0,0.0,3.95000004768372,0.0,0,0,331,626,1649,False,1.0,513.0,545.0,,,,,,,1.478125,0.22986120833333334,331.0,Thursday
2026352035,2016-04-29,7604,4.71000003814697,4.71000003814697,0.0,0.0,0.0,4.71000003814697,0.0,0,0,352,492,1692,False,1.0,490.0,510.0,,,,,,,1.516736111111111,0.2444444583333333,352.0,Friday
2026352035,2016-04-30,4729,2.9300000667572,2.9300000667572,0.0,0.0,0.0,2.9300000667572,0.0,0,0,233,594,1506,False,1.0,573.0,607.0,,,,,,,1.3496527777777778,0.16180558333333334,233.0,Saturday
2026352035,2016-05-01,3609,2.27999997138977,2.27999997138977,0.0,0.0,0.0,2.27999997138977,0.0,0,0,191,716,1447,False,1.0,527.0,546.0,,,,,,,1.297013888888889,0.13263891666666666,191.0,Sunday
2026352035,2016-05-02,7018,4.34999990463257,4.34999990463257,0.0,0.0,0.0,4.34999990463257,0.0,0,0,355,716,1690,False,1.0,511.0,543.0,,,,84.13457076566125,70.0,122.0,1.5144444444444445,0.24652779166666663,355.0,Monday
2026352035,2016-05-03,5992,3.72000002861023,3.72000002861023,0.0,0.0,0.0,3.72000002861023,0.0,0,0,304,981,1604,False,,,,,,,,,,1.437361111111111,0.21111112499999998,304.0,Tuesday
2026352035,2016-05-04,6564,4.07000017166138,4.07000017166138,0.0,0.0,0.0,4.07000017166138,0.0,0,0,345,530,1658,False,1.0,538.0,560.0,,,,,,,1.4858333333333333,0.23958337500000002,345.0,Wednesday
2026352035,2016-05-05,12167,7.53999996185303,7.53999996185303,0.0,0.0,0.0,7.53999996185303,0.0,0,0,475,479,1926,False,1.0,468.0,485.0,,,,,,,1.7260416666666667,0.32986108333333336,475.0,Thursday
2026352035,2016-05-06,8198,5.07999992370605,5.07999992370605,0.0,0.0,0.0,5.07999992370605,0.0,0,0,383,511,1736,False,1.0,524.0,548.0,,,,,,,1.5561805555555555,0.26597220833333335,383.0,Friday
2026352035,2016-05-07,4193,2.59999990463257,2.59999990463257,0.0,0.0,0.0,2.59999990463257,0.0,0,0,229,665,1491,False,1.0,511.0,521.0,,,,,,,1.3361805555555555,0.15902770833333332,229.0,Saturday
2026352035,2016-05-08,5528,3.45000004768372,3.45000004768372,0.0,0.0,0.0,3.45000004768372,0.0,0,0,258,610,1555,False,1.0,541.0,568.0,,,,,,,1.3933333333333333,0.17916666666666667,258.0,Sunday
2026352035,2016-05-09,10685,6.61999988555908,6.61999988555908,0.0,0.0,0.0,6.59999990463257,0.0,0,0,401,543,1869,False,1.0,531.0,556.0,,,,98.2339008142117,70.0,123.0,1.6720833333333336,0.27847225000000003,401.0,Monday
2026352035,2016-05-10,254,0.159999996423721,0.159999996423721,0.0,0.0,0.0,0.159999996423721,0.0,0,0,17,1002,1141,False,1.0,357.0,380.0,,,,,,,1.0226388888888889,0.011805541666666667,17.0,Tuesday
2026352035,2016-05-11,8580,5.32000017166138,5.32000017166138,0.0,0.0,0.0,5.32000017166138,0.0,0,0,330,569,1698,False,1.0,523.0,553.0,,,,,,,1.521875,0.22916675,330.0,Wednesday
2026352035,2016-05-12,8891,5.51000022888184,5.51000022888184,0.0,0.0,0.0,5.51000022888184,0.0,0,0,343,330,1364,False,1.0,456.0,485.0,,,,,,,1.7419791666666664,0.3333333125,320.0,Thursday
2320127002,2016-04-12,10725,7.48999977111816,7.48999977111816,0.0,1.16999995708466,0.310000002384186,6.01000022888184,0.0,13,9,306,1112,2124,False,,,,,,,,,,1.6034722222222222,0.2520833333333333,363.0,Tuesday
2320127002,2016-04-13,7275,4.90000009536743,4.90000009536743,0.0,0.0,0.0,4.90000009536743,0.0,0,0,335,1105,2003,False,,,,,,,,,,1.5126388888888889,0.232638875,335.0,Wednesday
2320127002,2016-04-14,3973,2.6800000667572,2.6800000667572,0.0,0.0,0.0,2.6800000667572,0.0,0,0,191,1249,1696,False,,,,,,,,,,1.2802777777777776,0.132639,191.0,Thursday
2320127002,2016-04-15,5205,3.50999999046326,3.50999999046326,0.0,0.0,0.0,3.50999999046326,0.0,0,0,245,1195,1801,False,,,,,,,,,,1.360138888888889,0.17013883333333335,245.0,Friday
2320127002,2016-04-16,5057,3.41000008583069,3.41000008583069,0.0,0.0,0.0,3.40000009536743,0.0,0,0,195,1245,1724,False,,,,,,,,,,1.3015277777777778,0.13541670833333333,195.0,Saturday
2320127002,2016-04-17,6198,4.17999982833862,4.17999982833862,0.0,0.0,0.0,4.17999982833862,0.0,0,0,249,1191,1852,False,,,,,,,,,,1.398611111111111,0.1729167083333333,249.0,Sunday
2320127002,2016-04-18,6559,4.42000007629395,4.42000007629395,0.0,0.0,0.259999990463257,4.1399998664856,0.0,0,7,260,1173,1905,False,,,,,,,,,,1.4380555555555556,0.19027791666666669,274.0,Monday
2320127002,2016-04-19,5997,4.03999996185303,4.03999996185303,0.0,0.0,0.379999995231628,3.66000008583069,0.0,0,11,228,1201,1811,False,,,,,,,,,,1.3675000000000002,0.17361108333333333,250.0,Tuesday
2320127002,2016-04-20,7192,4.84999990463257,4.84999990463257,0.0,0.0,0.490000009536743,4.34000015258789,0.0,0,11,283,1146,1922,False,,,,,,,,,,1.45125,0.21180554166666665,305.0,Wednesday
2320127002,2016-04-21,3404,2.28999996185303,2.28999996185303,0.0,0.0599999986588955,0.419999986886978,1.80999994277954,0.0,1,10,127,1302,1610,False,,,,,,,,,,1.2159722222222222,0.10416666666666667,150.0,Thursday
2320127002,2016-04-22,5583,3.75999999046326,3.75999999046326,0.0,0.0,0.0,3.75999999046326,0.0,0,0,266,1174,1851,False,,,,,,,,,,1.3979166666666667,0.18472220833333333,266.0,Friday
2320127002,2016-04-23,5079,3.42000007629395,3.42000007629395,0.0,0.0,0.0,3.42000007629395,0.0,0,0,242,1129,1804,False,1.0,61.0,69.0,,,,,,,1.3619444444444444,0.1680555,242.0,Saturday
2320127002,2016-04-24,4165,2.80999994277954,2.80999994277954,0.0,0.0,0.0,2.79999995231628,0.0,0,0,204,1236,1725,False,,,,,,,,,,1.3022222222222222,0.141666625,204.0,Sunday
2320127002,2016-04-25,3588,2.42000007629395,2.42000007629395,0.0,0.230000004172325,0.200000002980232,1.99000000953674,0.0,3,5,152,1280,1654,False,,,,,,,,,,1.24875,0.11875004166666665,171.0,Monday
2320127002,2016-04-26,3409,2.29999995231628,2.29999995231628,0.0,0.0,0.0,2.29999995231628,0.0,0,0,147,1293,1632,False,,,,,,,,,,1.2325,0.10208333333333335,147.0,Tuesday
2320127002,2016-04-27,1715,1.1599999666214,1.1599999666214,0.0,0.0,0.0,1.1599999666214,0.0,0,0,82,1358,1481,False,,,,,,,,,,1.1181944444444443,0.05694450000000001,82.0,Wednesday
2320127002,2016-04-28,1532,1.02999997138977,1.02999997138977,0.0,0.0,0.0,1.02999997138977,0.0,0,0,76,1364,1473,False,,,,,,,,,,1.1120833333333333,0.05277774999999999,76.0,Thursday
2320127002,2016-04-29,924,0.620000004768372,0.620000004768372,0.0,0.0,0.0,0.620000004768372,0.0,0,0,45,1395,1410,False,,,,,,,,,,1.064861111111111,0.03125,45.0,Friday
2320127002,2016-04-30,4571,3.07999992370605,3.07999992370605,0.0,0.0,0.0,3.0699999332428,0.0,0,0,234,1206,1779,False,,,,,,,,,,1.3429166666666668,0.1625,234.0,Saturday
2320127002,2016-05-01,772,0.519999980926514,0.519999980926514,0.0,0.0,0.0,0.519999980926514,0.0,0,0,40,1400,1403,False,,,,,,,,,,1.0595833333333333,0.027777791666666666,40.0,Sunday
2320127002,2016-05-02,3634,2.45000004768372,2.45000004768372,0.0,0.360000014305115,0.209999993443489,1.87999999523163,0.0,5,6,123,1306,1613,False,,,,,,,,,,1.2179166666666668,0.10416670833333334,150.0,Monday
2320127002,2016-05-03,7443,5.01999998092651,5.01999998092651,0.0,1.49000000953674,0.370000004768372,3.16000008583069,0.0,20,10,206,1204,1878,False,,,,,,,,,,1.4181944444444443,0.19861120833333334,286.0,Tuesday
2320127002,2016-05-04,1201,0.810000002384186,0.810000002384186,0.0,0.0,0.0,0.810000002384186,0.0,0,0,52,1388,1426,False,,,,,,,,,,1.0769444444444445,0.036111125,52.0,Wednesday
2320127002,2016-05-05,5202,3.50999999046326,3.50999999046326,0.0,0.0,0.389999985694885,3.10999989509583,0.0,0,11,223,1206,1780,False,,,,,,,,,,1.3441666666666667,0.170138875,245.0,Thursday
2320127002,2016-05-06,4878,3.28999996185303,3.28999996185303,0.0,0.0,0.0,3.28999996185303,0.0,0,0,204,1236,1742,False,,,,,,,,,,1.3154166666666667,0.14166666666666666,204.0,Friday
2320127002,2016-05-07,7379,4.96999979019165,4.96999979019165,0.0,0.0,0.0,4.96999979019165,0.0,0,0,319,1121,1972,False,,,,,,,,,,1.4890277777777778,0.22152783333333334,319.0,Saturday
2320127002,2016-05-08,5161,3.48000001907349,3.48000001907349,0.0,0.0,0.0,3.47000002861023,0.0,0,0,247,1193,1821,False,,,,,,,,,,1.3752777777777778,0.17152775,247.0,Sunday
2320127002,2016-05-09,3090,2.07999992370605,2.07999992370605,0.0,0.0,0.0,2.07999992370605,0.0,0,0,145,1295,1630,False,,,,,,,,,,1.2305555555555556,0.1006945,145.0,Monday
2320127002,2016-05-10,6227,4.19999980926514,4.19999980926514,0.0,0.0,0.0,4.19999980926514,0.0,0,0,290,1150,1899,False,,,,,,,,,,1.4334722222222223,0.20138883333333332,290.0,Tuesday
2320127002,2016-05-11,6424,4.32999992370605,4.32999992370605,0.0,0.0,0.0,4.32999992370605,0.0,0,0,300,1140,1903,False,,,,,,,,,,1.4369444444444444,0.20833329166666667,300.0,Wednesday
2320127002,2016-05-12,2661,1.78999996185303,1.78999996185303,0.0,0.0,0.0,1.78999996185303,0.0,0,0,128,830,1125,False,,,,,,,,,,1.2853333333333334,0.13777779999999998,124.0,Thursday
2347167796,2016-04-12,10113,6.82999992370605,6.82999992370605,0.0,2.0,0.620000004768372,4.19999980926514,0.0,28,13,320,964,2344,False,,,,,,,86.08233377758033,57.0,172.0,1.7308333333333334,0.2986111666666667,430.0,Tuesday
2347167796,2016-04-13,10352,7.01000022888184,7.01000022888184,0.0,1.6599999666214,1.94000005722046,3.41000008583069,0.0,19,32,195,676,2038,False,1.0,467.0,531.0,,,,73.81290461804058,55.0,158.0,1.5052083333333335,0.219444375,316.0,Wednesday
2347167796,2016-04-14,10129,6.69999980926514,6.69999980926514,0.0,0.0199999995529652,2.74000000953674,3.94000005722046,0.0,1,48,206,705,2010,False,1.0,445.0,489.0,,,,72.57948213700426,52.0,154.0,1.4844444444444445,0.21180554166666665,305.0,Thursday
2347167796,2016-04-15,10465,6.92000007629395,6.92000007629395,0.0,0.0700000002980232,1.41999995708466,5.42999982833862,0.0,1,24,284,720,2133,False,1.0,452.0,504.0,,,,75.68525687977399,55.0,136.0,1.5750694444444444,0.23263891666666667,335.0,Friday
2347167796,2016-04-16,22244,15.0799999237061,15.0799999237061,0.0,5.44999980926514,4.09999990463257,5.53000020980835,0.0,66,72,268,968,2670,False,,,,,,,96.62390702822357,58.0,168.0,1.9716666666666665,0.42361112500000003,610.0,Saturday
2347167796,2016-04-17,5472,3.61999988555908,3.61999988555908,0.0,0.0799999982118607,0.280000001192093,3.25999999046326,0.0,1,7,249,508,1882,False,1.0,556.0,602.0,,,,75.36218020022247,55.0,134.0,1.3899305555555554,0.18472216666666666,266.0,Sunday
2347167796,2016-04-18,8247,5.44999980926514,5.44999980926514,0.0,0.790000021457672,0.860000014305115,3.78999996185303,0.0,11,16,206,678,1944,False,1.0,500.0,557.0,,,,71.23214476924724,53.0,134.0,1.4356944444444444,0.18819441666666667,271.0,Monday
2347167796,2016-04-19,6711,4.44000005722046,4.44000005722046,0.0,0.0,0.0,4.44000005722046,0.0,0,7,382,648,2346,False,1.0,465.0,514.0,,,,81.30099693251533,53.0,195.0,1.7320833333333332,0.27499999999999997,396.0,Tuesday
2347167796,2016-04-20,10999,7.26999998092651,7.26999998092651,0.0,0.680000007152557,1.80999994277954,4.78000020980835,0.0,11,43,269,1011,2198,False,,,,,,,78.18208496366685,53.0,161.0,1.6229861111111112,0.269444375,388.0,Wednesday
2347167796,2016-04-21,10080,6.75,6.75,0.0,1.85000002384186,1.52999997138977,3.38000011444092,0.0,23,26,208,761,2048,False,1.0,460.0,484.0,,,,73.41425341802132,51.0,171.0,1.5126388888888889,0.22847220833333334,329.0,Thursday
2347167796,2016-04-22,7804,5.15999984741211,5.15999984741211,0.0,0.560000002384186,1.67999994754791,2.92000007629395,0.0,9,27,206,781,1946,False,1.0,405.0,461.0,,,,71.99640209332752,53.0,165.0,1.4368750000000001,0.19930554166666667,287.0,Friday
2347167796,2016-04-23,16901,11.3699998855591,11.3699998855591,0.0,2.77999997138977,1.45000004768372,7.15000009536743,0.0,32,35,360,591,2629,False,1.0,374.0,386.0,,,,83.43309231897726,53.0,157.0,1.9411805555555557,0.36527770833333334,526.0,Saturday
2347167796,2016-04-24,9471,6.26000022888184,6.26000022888184,0.0,0.0,0.0,6.26000022888184,0.0,0,0,360,584,2187,False,1.0,442.0,459.0,,,,77.57597373188406,54.0,127.0,1.6143750000000001,0.24999995833333333,360.0,Sunday
2347167796,2016-04-25,9482,6.38000011444092,6.38000011444092,0.0,1.26999998092651,0.519999980926514,4.59999990463257,0.0,15,11,277,653,2095,False,1.0,433.0,471.0,,,,73.86135600335852,53.0,160.0,1.546875,0.238888875,344.0,Monday
2347167796,2016-04-26,5980,3.95000004768372,3.95000004768372,0.0,0.0,0.0,3.95000004768372,0.0,0,0,227,732,1861,False,1.0,436.0,490.0,,,,71.73179652000444,49.0,122.0,1.3740972222222223,0.15763887499999998,227.0,Tuesday
2347167796,2016-04-27,11423,7.57999992370605,7.57999992370605,0.0,1.86000001430511,0.400000005960464,5.32000017166138,0.0,26,9,295,623,2194,False,1.0,448.0,499.0,,,,75.19362135263515,51.0,144.0,1.6199999999999999,0.27152775,391.0,Wednesday
2347167796,2016-04-28,5439,3.59999990463257,3.59999990463257,0.0,0.0,0.0,3.59999990463257,0.0,0,0,229,764,1854,False,1.0,408.0,450.0,,,,73.40854132002218,55.0,138.0,1.369375,0.15902779166666667,229.0,Thursday
2347167796,2016-04-29,42,0.0299999993294477,0.0299999993294477,0.0,0.0,0.0,0.0299999993294477,0.0,0,0,4,2,403,False,1.0,411.0,473.0,,,,62.86971235194586,54.0,85.0,1.0180555555555555,0.005555666666666667,2.0,Friday
2873212765,2016-04-12,8796,5.90999984741211,5.90999984741211,0.0,0.109999999403954,0.930000007152557,4.88000011444092,0.0,2,21,356,1061,1982,False,,,,,,,,,,1.567361111111111,0.28055562500000003,404.0,Tuesday
2873212765,2016-04-13,7618,5.11999988555908,5.11999988555908,0.0,0.0,0.219999998807907,4.88000011444092,0.0199999995529652,0,8,404,1028,2004,False,,,,,,,,,,1.5847222222222221,0.29166658333333334,420.0,Wednesday
2873212765,2016-04-14,7910,5.32000017166138,5.32000017166138,0.0,0.0,0.0,5.32000017166138,0.0,0,0,331,1109,1893,False,,,,,,,,,,1.4969444444444444,0.22986116666666667,331.0,Thursday
2873212765,2016-04-15,8482,5.69999980926514,5.69999980926514,0.0,0.0,0.0,5.69000005722046,0.0099999997764825,0,0,448,992,2063,False,,,,,,,,,,1.6316666666666666,0.311111125,448.0,Friday
2873212765,2016-04-16,9685,6.65000009536743,6.65000009536743,0.0,3.10999989509583,0.0199999995529652,3.50999999046326,0.0099999997764825,47,1,305,1087,2148,False,,,,,,,,,,1.7002777777777776,0.31111116666666666,448.0,Saturday
2873212765,2016-04-17,2524,1.70000004768372,1.70000004768372,0.0,0.0,0.349999994039536,1.3400000333786,0.0,0,8,160,1272,1529,False,,,,,,,,,,1.2097222222222221,0.12222229166666666,176.0,Sunday
2873212765,2016-04-18,7762,5.23999977111816,5.23999977111816,0.0,0.0700000002980232,0.280000001192093,4.8899998664856,0.0,1,6,311,1122,1890,False,,,,,,,,,,1.494513888888889,0.22638887500000002,326.0,Monday
2873212765,2016-04-19,7948,5.36999988555908,5.36999988555908,0.0,0.0,0.0,5.3600001335144,0.0,0,0,389,1051,1956,False,,,,,,,,,,1.5472916666666667,0.270138875,389.0,Tuesday
2873212765,2016-04-20,9202,6.30000019073486,6.30000019073486,0.0,1.50999999046326,0.119999997317791,4.65999984741211,0.0099999997764825,22,5,378,1035,2094,False,,,,,,,,,,1.6625,0.31527775,454.0,Wednesday
2873212765,2016-04-21,8859,5.98000001907349,5.98000001907349,0.0,0.129999995231628,0.370000004768372,5.46999979019165,0.0099999997764825,2,10,371,1057,1970,False,,,,56.7000007629395,21.4500007629395,True,,,,1.564513888888889,0.275694375,397.0,Thursday
2873212765,2016-04-22,7286,4.90000009536743,4.90000009536743,0.0,0.46000000834465,0.0,4.42000007629395,0.0199999995529652,46,0,366,1028,2241,False,,,,,,,,,,1.548888888888889,0.270139,389.0,Friday
2873212765,2016-04-23,9317,6.34999990463257,6.34999990463257,0.0,2.08999991416931,0.230000004172325,4.01999998092651,0.0099999997764825,28,5,330,1077,2021,False,,,,,,,,,,1.6049305555555555,0.2944444583333333,424.0,Saturday
2873212765,2016-04-24,6873,4.67999982833862,4.67999982833862,0.0,3.0,0.0599999986588955,1.62000000476837,0.0,46,1,190,1203,1898,False,,,,,,,,,,1.5066666666666666,0.22916662499999998,330.0,Sunday
2873212765,2016-04-25,7373,4.94999980926514,4.94999980926514,0.0,0.0,0.0,4.94999980926514,0.0,0,0,359,1081,1907,False,,,,,,,,,,1.5144444444444445,0.24930558333333333,359.0,Monday
2873212765,2016-04-26,8242,5.53999996185303,5.53999996185303,0.0,0.119999997317791,0.180000007152557,5.23999977111816,0.0,2,5,309,1124,1882,False,,,,,,,,,,1.4952777777777777,0.22569450000000002,325.0,Tuesday
2873212765,2016-04-27,3516,2.35999989509583,2.35999989509583,0.0,0.0,0.0,2.35999989509583,0.0,46,0,197,1197,1966,False,,,,,,,,,,1.5609722222222222,0.2326389166666667,335.0,Wednesday
2873212765,2016-04-28,7913,5.40999984741211,5.40999984741211,0.0,2.16000008583069,0.340000003576279,2.91000008583069,0.0,28,7,213,1192,1835,False,,,,,,,,,,1.4578472222222223,0.21597220833333333,311.0,Thursday
2873212765,2016-04-29,7365,4.94999980926514,4.94999980926514,0.0,1.36000001430511,1.4099999666214,2.1800000667572,0.0,20,23,206,1191,1780,False,,,,,,,,,,1.413888888888889,0.21666666666666667,312.0,Friday
2873212765,2016-04-30,8452,5.67999982833862,5.67999982833862,0.0,0.330000013113022,1.08000004291534,4.26000022888184,0.0099999997764825,5,20,248,1167,1830,False,,,,,,,,,,1.4537499999999999,0.21041658333333332,303.0,Saturday
2873212765,2016-05-01,7399,4.96999979019165,4.96999979019165,0.0,0.490000009536743,1.03999996185303,3.44000005722046,0.0,7,18,196,1219,1739,False,,,,,,,,,,1.381527777777778,0.17569441666666666,253.0,Sunday
2873212765,2016-05-02,7525,5.05999994277954,5.05999994277954,0.0,0.0,0.209999993443489,4.82999992370605,0.0199999995529652,0,7,334,1099,1878,False,,,,,,,,,,1.4919444444444445,0.24166666666666667,348.0,Monday
2873212765,2016-05-03,7412,4.98000001907349,4.98000001907349,0.0,0.0599999986588955,0.25,4.65999984741211,0.0099999997764825,1,6,363,1070,1906,False,,,,,,,,,,1.513611111111111,0.2625000416666667,378.0,Tuesday
2873212765,2016-05-04,8278,5.55999994277954,5.55999994277954,0.0,0.0,0.0,5.55999994277954,0.0,0,0,420,1020,2015,False,,,,,,,,,,1.600138888888889,0.291666625,420.0,Wednesday
2873212765,2016-05-05,8314,5.6100001335144,5.6100001335144,0.0,0.779999971389771,0.800000011920929,4.03000020980835,0.0,13,23,311,1093,1971,False,,,,,,,,,,1.5654861111111111,0.27499995833333335,396.0,Thursday
2873212765,2016-05-06,7063,4.75,4.75,0.0,0.0,0.119999997317791,4.6100001335144,0.0099999997764825,0,5,370,1065,1910,False,,,,,,,,,,1.5173611111111112,0.26388883333333335,380.0,Friday
2873212765,2016-05-07,4940,3.38000011444092,3.38000011444092,0.0,2.27999997138977,0.550000011920929,0.550000011920929,0.0,75,11,52,1302,1897,False,,,,,,,,,,1.50625,0.207638875,299.0,Saturday
2873212765,2016-05-08,8168,5.53999996185303,5.53999996185303,0.0,2.90000009536743,0.0,2.64000010490417,0.0,46,0,326,1068,2096,False,,,,,,,,,,1.6643055555555555,0.32222229166666666,464.0,Sunday
2873212765,2016-05-09,7726,5.19000005722046,5.19000005722046,0.0,0.0,0.0,5.19000005722046,0.0,0,0,345,1095,1906,False,,,,,,,,,,1.5143055555555556,0.23958333333333334,345.0,Monday
2873212765,2016-05-10,8275,5.55999994277954,5.55999994277954,0.0,0.0,0.0,5.55000019073486,0.0099999997764825,0,0,373,1067,1962,False,,,,,,,,,,1.5583333333333333,0.25902770833333333,373.0,Tuesday
2873212765,2016-05-11,6440,4.32999992370605,4.32999992370605,0.0,0.0,0.0,4.32000017166138,0.0099999997764825,0,0,319,1121,1826,False,,,,,,,,,,1.4436111111111112,0.22152779166666667,319.0,Wednesday
2873212765,2016-05-12,7566,5.1100001335144,5.1100001335144,0.0,0.0,0.0,5.1100001335144,0.0,0,0,268,720,1431,False,,,,57.2999992370605,21.6900005340576,True,,,,1.6517708333333334,0.26979156249999997,259.0,Thursday
3372868164,2016-04-12,4747,3.24000000953674,3.24000000953674,0.0,0.0,0.0,3.23000001907349,0.0099999997764825,0,0,280,1160,1788,False,,,,,,,,,,1.3276388888888888,0.19444441666666668,280.0,Tuesday
3372868164,2016-04-13,9715,6.63000011444092,6.63000011444092,0.0,0.990000009536743,0.340000003576279,5.26999998092651,0.0199999995529652,16,8,371,1045,2093,False,,,,,,,,,,1.5541666666666667,0.302083375,435.0,Wednesday
3372868164,2016-04-14,8844,6.03000020980835,6.03000020980835,0.0,0.340000003576279,1.02999997138977,4.65000009536743,0.0099999997764825,6,25,370,1039,2065,False,,,,,,,,,,1.5334722222222221,0.30416675,438.0,Thursday
3372868164,2016-04-15,7451,5.07999992370605,5.07999992370605,0.0,0.0,0.0,5.05999994277954,0.0199999995529652,0,0,335,1105,1908,False,,,,,,,,,,1.4169444444444443,0.23263879166666668,335.0,Friday
3372868164,2016-04-16,6905,4.73000001907349,4.73000001907349,0.0,0.0,0.0,4.69999980926514,0.0299999993294477,0,0,356,1084,1908,False,,,,,,,,,,1.4167361111111112,0.24722229166666665,356.0,Saturday
3372868164,2016-04-17,8199,5.88000011444092,5.88000011444092,0.0,1.4099999666214,0.100000001490116,4.3600001335144,0.0099999997764825,11,2,322,1105,1964,False,,,,,,,,,,1.4585416666666666,0.24930554166666666,359.0,Sunday
3372868164,2016-04-18,6798,4.6399998664856,4.6399998664856,0.0,1.08000004291534,0.200000002980232,3.34999990463257,0.0,20,7,343,1070,2014,False,,,,,,,,,,1.4954166666666668,0.28958337500000003,417.0,Monday
3372868164,2016-04-19,7711,5.26000022888184,5.26000022888184,0.0,0.0,0.0,5.23999977111816,0.0199999995529652,0,0,376,1064,1985,False,,,,,,,,,,1.4744444444444444,0.261111125,376.0,Tuesday
3372868164,2016-04-20,4880,3.32999992370605,3.32999992370605,0.0,0.839999973773956,0.0900000035762787,2.38000011444092,0.0199999995529652,15,3,274,1148,1867,False,,,,,,,,,,1.3869444444444443,0.22569433333333333,325.0,Wednesday
3372868164,2016-04-21,8857,6.07000017166138,6.07000017166138,0.0,1.14999997615814,0.259999990463257,4.6399998664856,0.0099999997764825,18,9,376,1037,2124,False,,,,,,,,,,1.5771527777777776,0.31111104166666664,448.0,Thursday
3372868164,2016-04-22,3843,2.61999988555908,2.61999988555908,0.0,0.0,0.0,2.60999989509583,0.0099999997764825,0,0,206,1234,1669,False,,,,,,,,,,1.2395833333333335,0.14305554166666667,206.0,Friday
3372868164,2016-04-23,7396,5.07000017166138,5.07000017166138,0.0,1.39999997615814,0.0799999982118607,3.57999992370605,0.0,20,2,303,1115,1995,False,,,,,,,,,,1.4815972222222222,0.25486112499999997,367.0,Saturday
3372868164,2016-04-24,6731,4.59000015258789,4.59000015258789,0.0,0.889999985694885,0.189999997615814,3.49000000953674,0.0199999995529652,14,7,292,1127,1921,False,,,,,,,,,,1.4266666666666667,0.24166675,348.0,Sunday
3372868164,2016-04-25,5995,4.09000015258789,4.09000015258789,0.0,0.0,0.0,4.09000015258789,0.0,0,0,416,1024,2010,False,,,,,,,,,,1.4929166666666667,0.28888891666666666,416.0,Monday
3372868164,2016-04-26,8283,5.78999996185303,5.78999996185303,0.0,1.85000002384186,0.0500000007450581,3.86999988555908,0.0099999997764825,22,2,333,1083,2057,False,,,,,,,,,,1.5272916666666667,0.27986116666666666,403.0,Tuesday
3372868164,2016-04-27,7904,5.42000007629395,5.42000007629395,0.0,1.58000004291534,0.629999995231628,3.19000005722046,0.0099999997764825,24,13,346,1057,2095,False,,,,,,,,,,1.5561805555555555,0.3083332916666667,444.0,Wednesday
3372868164,2016-04-28,5512,3.75999999046326,3.75999999046326,0.0,0.0,0.0,3.75999999046326,0.0,0,0,385,1055,1972,False,,,,,,,,,,1.4645833333333333,0.2673612083333333,385.0,Thursday
3372868164,2016-04-29,9135,6.23000001907349,6.23000001907349,0.0,0.0,0.0,6.21999979019165,0.0099999997764825,0,0,402,1038,2044,False,,,,,,,,,,1.5183333333333333,0.27916674999999996,402.0,Friday
3372868164,2016-04-30,5250,3.57999992370605,3.57999992370605,0.0,1.05999994277954,0.0900000035762787,2.42000007629395,0.0099999997764825,17,4,300,1119,1946,False,,,,,,,,,,1.4455555555555555,0.24930558333333333,359.0,Saturday
3372868164,2016-05-01,3077,2.09999990463257,2.09999990463257,0.0,0.0,0.0,2.08999991416931,0.0,0,0,172,842,1237,False,,,,,,,,,,1.2991666666666668,0.16666675,160.0,Sunday
3977333714,2016-04-12,8856,5.98000001907349,5.98000001907349,0.0,3.05999994277954,0.910000026226044,2.00999999046326,0.0,44,19,131,777,1450,False,1.0,274.0,469.0,,,,,,,1.433611111111111,0.20902774999999998,301.0,Tuesday
3977333714,2016-04-13,10035,6.71000003814697,6.71000003814697,0.0,2.02999997138977,2.13000011444092,2.54999995231628,0.0,31,46,153,754,1495,False,2.0,295.0,456.0,,,,,,,1.4781944444444446,0.23472229166666667,338.0,Wednesday
3977333714,2016-04-14,7641,5.1100001335144,5.1100001335144,0.0,0.319999992847443,0.970000028610229,3.8199999332428,0.0,5,23,214,801,1433,False,1.0,291.0,397.0,,,,,,,1.4164583333333334,0.1909722083333333,275.0,Thursday
3977333714,2016-04-15,9010,6.05999994277954,6.05999994277954,0.0,1.04999995231628,1.75,3.25999999046326,0.0,15,42,183,644,1468,False,1.0,424.0,556.0,,,,,,,1.4513194444444444,0.21666670833333335,312.0,Friday
3977333714,2016-04-16,13459,9.0,9.0,0.0,2.02999997138977,4.0,2.97000002861023,0.0,31,83,153,663,1625,False,1.0,283.0,510.0,,,,,,,1.6059722222222224,0.2861110416666667,412.0,Saturday
3977333714,2016-04-17,10415,6.96999979019165,6.96999979019165,0.0,0.699999988079071,2.34999990463257,3.92000007629395,0.0,11,58,205,600,1529,False,1.0,381.0,566.0,,,,,,,1.511736111111111,0.24583341666666667,354.0,Sunday
3977333714,2016-04-18,11663,7.80000019073486,7.80000019073486,0.0,0.25,3.73000001907349,3.8199999332428,0.0,4,95,214,605,1584,False,2.0,412.0,522.0,,,,,,,1.5657638888888887,0.288888875,416.0,Monday
3977333714,2016-04-19,12414,8.77999973297119,8.77999973297119,0.0,2.24000000953674,2.45000004768372,3.96000003814697,0.0,19,67,221,738,1638,False,1.0,219.0,395.0,,,,,,,1.611875,0.28611108333333335,412.0,Tuesday
3977333714,2016-04-20,11658,7.82999992370605,7.82999992370605,0.0,0.200000002980232,4.34999990463257,3.27999997138977,0.0,2,98,164,845,1554,False,2.0,152.0,305.0,,,,,,,1.5364583333333335,0.2541667083333333,366.0,Wednesday
3977333714,2016-04-21,6093,4.07999992370605,4.07999992370605,0.0,0.0,0.0,4.05999994277954,0.0,0,0,242,712,1397,False,1.0,332.0,512.0,,,,,,,1.3799305555555557,0.16805558333333334,242.0,Thursday
3977333714,2016-04-22,8911,5.96000003814697,5.96000003814697,0.0,2.32999992370605,0.579999983310699,3.05999994277954,0.0,33,12,188,731,1481,False,1.0,355.0,476.0,,,,,,,1.4639583333333333,0.21597220833333333,311.0,Friday
3977333714,2016-04-23,12058,8.06999969482422,8.06999969482422,0.0,0.0,4.21999979019165,3.84999990463257,0.0,0,92,252,724,1638,False,1.0,235.0,372.0,,,,,,,1.6195138888888887,0.3027777916666667,436.0,Saturday
3977333714,2016-04-24,14112,10.0,10.0,0.0,3.26999998092651,4.55999994277954,2.17000007629395,0.0,30,95,129,660,1655,False,1.0,310.0,526.0,,,,,,,1.635902777777778,0.284027875,409.0,Sunday
3977333714,2016-04-25,11177,8.47999954223633,8.47999954223633,0.0,5.61999988555908,0.430000007152557,2.41000008583069,0.0,50,9,133,781,1570,False,1.0,262.0,467.0,,,,,,,1.5497222222222222,0.20902774999999998,301.0,Monday
3977333714,2016-04-26,11388,7.61999988555908,7.61999988555908,0.0,0.449999988079071,4.21999979019165,2.95000004768372,0.0,7,95,170,797,1551,False,1.0,250.0,371.0,,,,,,,1.5336805555555555,0.264583375,381.0,Tuesday
3977333714,2016-04-27,7193,5.03999996185303,5.03999996185303,0.0,0.0,0.419999986886978,4.61999988555908,0.0,0,10,176,714,1377,False,1.0,349.0,540.0,,,,,,,1.3611111111111112,0.136111125,196.0,Wednesday
3977333714,2016-04-28,7114,4.88000011444092,4.88000011444092,0.0,1.37000000476837,0.28999999165535,3.22000002861023,0.0,15,8,190,804,1407,False,1.0,261.0,423.0,,,,,,,1.3911805555555556,0.17430554166666667,251.0,Thursday
3977333714,2016-04-29,10645,7.75,7.75,0.0,3.74000000953674,1.29999995231628,2.71000003814697,0.0,36,32,150,744,1545,False,1.0,333.0,478.0,,,,,,,1.5270833333333333,0.223611125,322.0,Friday
3977333714,2016-04-30,13238,9.19999980926514,9.19999980926514,0.0,3.69000005722046,2.09999990463257,3.41000008583069,0.0,43,52,194,687,1650,False,1.0,237.0,382.0,,,,,,,1.6308333333333334,0.29652775000000003,427.0,Saturday
3977333714,2016-05-01,10414,7.07000017166138,7.07000017166138,0.0,2.67000007629395,1.98000001907349,2.41000008583069,0.0,41,40,124,691,1501,False,1.0,383.0,626.0,,,,,,,1.4838888888888888,0.22708345833333335,327.0,Sunday
3977333714,2016-05-02,16520,11.0500001907349,11.0500001907349,0.0,1.53999996185303,6.48000001907349,3.01999998092651,0.0,24,143,176,713,1760,False,1.0,230.0,384.0,,,,,,,1.7402083333333334,0.37083333333333335,534.0,Monday
3977333714,2016-05-03,14335,9.59000015258789,9.59000015258789,0.0,3.3199999332428,1.74000000953674,4.53000020980835,0.0,47,41,258,594,1710,False,1.0,292.0,500.0,,,,,,,1.6895138888888888,0.3340278333333333,481.0,Tuesday
3977333714,2016-05-04,13559,9.4399995803833,9.4399995803833,0.0,1.80999994277954,4.57999992370605,2.89000010490417,0.0,14,96,142,852,1628,False,1.0,213.0,336.0,,,,,,,1.6007638888888889,0.26111104166666665,376.0,Wednesday
3977333714,2016-05-05,12312,8.57999992370605,8.57999992370605,0.0,1.75999999046326,4.1100001335144,2.71000003814697,0.0,14,88,178,680,1618,False,1.0,318.0,480.0,,,,,,,1.5990972222222222,0.27499999999999997,396.0,Thursday
3977333714,2016-05-06,11677,8.27999973297119,8.27999973297119,0.0,3.10999989509583,2.50999999046326,2.67000007629395,0.0,29,55,168,676,1590,False,1.0,323.0,512.0,,,,,,,1.5706944444444444,0.25347225,365.0,Friday
3977333714,2016-05-07,11550,7.73000001907349,7.73000001907349,0.0,0.0,4.13000011444092,3.58999991416931,0.0,0,86,208,703,1574,False,1.0,237.0,443.0,,,,,,,1.5563194444444446,0.26388891666666664,380.0,Saturday
3977333714,2016-05-08,13585,9.09000015258789,9.09000015258789,0.0,0.680000007152557,5.23999977111816,3.17000007629395,0.0,9,116,171,688,1633,False,2.0,259.0,456.0,,,,,,,1.6146527777777777,0.29861112500000003,430.0,Sunday
3977333714,2016-05-09,14687,10.0799999237061,10.0799999237061,0.0,0.769999980926514,5.59999990463257,3.54999995231628,0.0,8,122,151,1159,1667,False,,,,,,,,,,1.63875,0.29097216666666664,419.0,Monday
3977333714,2016-05-10,13072,8.77999973297119,8.77999973297119,0.0,0.0700000002980232,5.40000009536743,3.30999994277954,0.0,1,115,196,676,1630,False,1.0,312.0,452.0,,,,,,,1.6110416666666665,0.29791670833333334,429.0,Tuesday
3977333714,2016-05-11,746,0.5,0.5,0.0,0.370000004768372,0.0,0.129999995231628,0.0,4,0,9,13,52,False,,,,,,,,,,,,,Wednesday
4020332650,2016-04-12,8539,6.11999988555908,6.11999988555908,0.0,0.150000005960464,0.239999994635582,5.67999982833862,0.0,4,15,331,712,3654,False,1.0,501.0,541.0,,,,83.4990136324824,49.0,133.0,1.8417361111111112,0.25902783333333335,373.0,Tuesday
4020332650,2016-04-13,0,0.0,0.0,0.0,0.0,0.0,0.0,0.0,0,0,0,1440,1981,True,,,,,,,,,,1.0,0.0,0.0,Wednesday
4020332650,2016-04-14,108,0.0799999982118607,0.0799999982118607,0.0,0.0,0.0,0.0299999993294477,0.0,0,0,3,1437,2011,False,,,,,,,90.70096685082873,65.0,133.0,1.007986111111111,0.002083375,3.0,Thursday
4020332650,2016-04-15,1882,1.35000002384186,1.35000002384186,0.0,0.209999993443489,0.360000014305115,0.769999980926514,0.0,36,18,87,1299,2951,False,,,,,,,92.92564172832739,51.0,191.0,1.488888888888889,0.16041666666666668,231.0,Friday
4020332650,2016-04-16,1982,1.41999995708466,1.41999995708466,0.0,0.449999988079071,0.370000004768372,0.589999973773956,0.0,65,21,55,1222,3051,False,1.0,77.0,77.0,,,,100.90332042707966,62.0,143.0,1.5406944444444446,0.20277783333333332,292.0,Saturday
4020332650,2016-04-17,16,0.0099999997764825,0.0099999997764825,0.0,0.0,0.0,0.0099999997764825,0.0,0,0,2,1438,1990,False,,,,,,,98.82608695652173,66.0,116.0,1.0039583333333333,0.0013888750000000001,2.0,Sunday
4020332650,2016-04-18,62,0.0399999991059303,0.0399999991059303,0.0,0.0,0.0,0.0399999991059303,0.0,0,0,2,1438,1995,False,,,,,,,,,,1.0072916666666667,0.0013888750000000001,2.0,Monday
4020332650,2016-04-19,0,0.0,0.0,0.0,0.0,0.0,0.0,0.0,0,0,0,1440,1980,True,,,,,,,,,,1.0,0.0,0.0,Tuesday
4020332650,2016-04-20,0,0.0,0.0,0.0,0.0,0.0,0.0,0.0,0,0,0,1440,1980,True,,,,,,,,,,1.0,0.0,0.0,Wednesday
4020332650,2016-04-21,0,0.0,0.0,0.0,0.0,0.0,0.0,0.0,0,0,0,1440,1980,True,,,,,,,,,,1.0,0.0,0.0,Thursday
4020332650,2016-04-22,0,0.0,0.0,0.0,0.0,0.0,0.0,0.0,0,0,0,1440,1980,True,,,,,,,,,,1.0,0.0,0.0,Friday
4020332650,2016-04-23,0,0.0,0.0,0.0,0.0,0.0,0.0,0.0,0,0,0,1440,1980,True,,,,,,,,,,1.0,0.0,0.0,Saturday
4020332650,2016-04-24,0,0.0,0.0,0.0,0.0,0.0,0.0,0.0,0,0,0,1440,1980,True,,,,,,,,,,1.0,0.0,0.0,Sunday
4020332650,2016-04-25,0,0.0,0.0,0.0,0.0,0.0,0.0,0.0,0,0,0,1440,1980,True,,,,,,,,,,1.0,0.0,0.0,Monday
4020332650,2016-04-26,0,0.0,0.0,0.0,0.0,0.0,0.0,0.0,0,0,0,1440,1980,True,,,,,,,,,,1.0,0.0,0.0,Tuesday
4020332650,2016-04-27,0,0.0,0.0,0.0,0.0,0.0,0.0,0.0,0,0,0,1440,1980,True,,,,,,,,,,1.0,0.0,0.0,Wednesday
4020332650,2016-04-28,0,0.0,0.0,0.0,0.0,0.0,0.0,0.0,0,0,0,1440,1980,True,,,,,,,,,,1.0,0.0,0.0,Thursday
4020332650,2016-04-29,0,0.0,0.0,0.0,0.0,0.0,0.0,0.0,0,0,0,1440,1980,True,,,,,,,,,,1.0,0.0,0.0,Friday
4020332650,2016-04-30,0,0.0,0.0,0.0,0.0,0.0,0.0,0.0,0,0,0,1440,1980,True,,,,,,,,,,1.0,0.0,0.0,Saturday
4020332650,2016-05-01,0,0.0,0.0,0.0,0.0,0.0,0.0,0.0,0,0,0,1440,1980,True,,,,,,,,,,1.0,0.0,0.0,Sunday
4020332650,2016-05-02,475,0.340000003576279,0.340000003576279,0.0,0.0,0.0399999991059303,0.28999999165535,0.0,0,11,31,1350,2207,False,,,,,,,90.300934243622,66.0,123.0,1.1147222222222222,0.03680554166666667,53.0,Monday
4020332650,2016-05-03,4496,3.22000002861023,3.22000002861023,0.0,0.0,0.0,3.15000009536743,0.0500000007450581,0,0,174,950,2828,False,1.0,322.0,332.0,,,,77.8770095559303,52.0,127.0,1.426388888888889,0.12083329166666668,174.0,Tuesday
4020332650,2016-05-04,10252,7.34999990463257,7.34999990463257,0.0,0.670000016689301,1.03999996185303,5.57999992370605,0.0,13,46,346,531,3879,False,1.0,478.0,536.0,,,,83.4561661803678,49.0,147.0,1.9551388888888888,0.33125,477.0,Wednesday
4020332650,2016-05-05,11728,8.43000030517578,8.43000030517578,0.0,2.61999988555908,1.67999994754791,4.03999996185303,0.0700000002980232,38,42,196,916,3429,False,1.0,226.0,248.0,,,,85.57474310689543,49.0,126.0,1.7302083333333331,0.273611125,394.0,Thursday
4020332650,2016-05-06,4369,3.13000011444092,3.13000011444092,0.0,0.0,0.0,3.09999990463257,0.0099999997764825,0,0,177,855,2704,False,1.0,385.0,408.0,,,,75.64283228276422,50.0,116.0,1.364236111111111,0.12291666666666667,177.0,Friday
4020332650,2016-05-07,6132,4.40000009536743,4.40000009536743,0.0,0.0,0.0,3.57999992370605,0.0,0,0,184,1256,2975,False,,,,,,,89.09170410302485,64.0,117.0,1.435486111111111,0.12777775,184.0,Saturday
4020332650,2016-05-08,5862,4.19999980926514,4.19999980926514,0.0,0.0,0.0,4.15000009536743,0.0,0,0,263,775,3089,False,1.0,364.0,402.0,,,,78.0410612388964,51.0,131.0,1.5566666666666666,0.182638875,263.0,Sunday
4020332650,2016-05-09,4556,3.26999998092651,3.26999998092651,0.0,0.200000002980232,0.119999997317791,2.94000005722046,0.0,3,5,173,1225,2785,False,,,,,,,86.66172595520422,55.0,155.0,1.406111111111111,0.13333329166666666,192.0,Monday
4020332650,2016-05-10,5546,3.98000001907349,3.98000001907349,0.0,0.0,0.0,3.86999988555908,0.0399999991059303,0,0,206,774,2926,False,1.0,442.0,494.0,,,,72.61970379024775,46.0,142.0,1.4720138888888887,0.1430555,206.0,Tuesday
4020332650,2016-05-11,3689,2.65000009536743,2.65000009536743,0.0,0.109999999403954,0.170000001788139,2.32999992370605,0.0,2,8,134,1296,2645,False,,,,,,,91.23313239044748,64.0,133.0,1.3328472222222223,0.10833329166666666,156.0,Wednesday
4020332650,2016-05-12,590,0.419999986886978,0.419999986886978,0.0,0.0,0.0,0.409999996423721,0.0,0,0,21,721,1120,False,,,,,,,94.26967370441459,70.0,125.0,1.0404166666666668,0.01527775,11.0,Thursday
4057192912,2016-04-12,5394,4.03000020980835,4.03000020980835,0.0,0.0,0.0,3.94000005722046,0.0,0,0,164,1276,2286,False,,,,,,,,,,1.280138888888889,0.11388883333333333,164.0,Tuesday
4057192912,2016-04-13,5974,4.46999979019165,4.46999979019165,0.0,0.0,0.0,4.36999988555908,0.0,0,0,160,1280,2306,False,,,,,,,,,,1.2893055555555555,0.11111116666666666,160.0,Wednesday
4057192912,2016-04-14,0,0.0,0.0,0.0,0.0,0.0,0.0,0.0,0,0,0,1440,1776,True,,,,,,,,,,1.0,0.0,0.0,Thursday
4057192912,2016-04-15,3984,2.95000004768372,2.95000004768372,0.0,0.209999993443489,0.259999990463257,2.44000005722046,0.0,3,6,88,873,1527,False,,,,,,,,,,1.275,0.1114583125,107.0,Friday
4319703577,2016-04-12,7753,5.19999980926514,5.19999980926514,0.0,0.0,0.0,0.0,0.0,0,0,0,1440,2115,True,,,,,,,,,,1.0,0.0,0.0,Tuesday
4319703577,2016-04-13,8204,5.5,5.5,0.0,0.529999971389771,0.589999973773956,1.30999994277954,0.0,8,15,96,1234,2135,False,,,,,,,,,,1.2013194444444444,0.10416670833333334,150.0,Wednesday
4319703577,2016-04-14,10210,6.88000011444092,6.88000011444092,0.0,0.109999999403954,0.330000013113022,6.44000005722046,0.0,1,9,339,589,2302,False,1.0,535.0,557.0,,,,,,,1.5786805555555556,0.25000008333333334,360.0,Thursday
4319703577,2016-04-15,5664,3.79999995231628,3.79999995231628,0.0,0.0,0.0,3.79999995231628,0.0,0,0,228,752,1985,False,1.0,465.0,491.0,,,,,,,1.3608333333333333,0.15833333333333333,228.0,Friday
4319703577,2016-04-16,4744,3.1800000667572,3.1800000667572,0.0,0.0,0.0,3.1800000667572,0.0,0,0,194,724,1884,False,1.0,506.0,522.0,,,,,,,1.2921527777777777,0.13472225000000002,194.0,Saturday
4319703577,2016-04-17,29,0.0199999995529652,0.0199999995529652,0.0,0.0,0.0,0.0199999995529652,0.0,0,0,3,1363,1464,False,,,,72.4000015258789,27.4500007629395,True,,,,1.0041666666666667,0.0020833333333333333,3.0,Sunday
4319703577,2016-04-18,2276,1.54999995231628,1.54999995231628,0.0,0.0700000002980232,0.330000013113022,1.12000000476837,0.0,1,9,58,824,1632,False,1.0,515.0,551.0,,,,,,,1.1216666666666666,0.05486116666666666,79.0,Monday
4319703577,2016-04-19,8925,5.98999977111816,5.98999977111816,0.0,0.0,0.0,5.98999977111816,0.0,0,0,311,604,2200,False,2.0,461.0,498.0,,,,,,,1.5114583333333333,0.21597225,311.0,Tuesday
4319703577,2016-04-20,8954,6.01000022888184,6.01000022888184,0.0,0.0,0.680000007152557,5.30999994277954,0.0,0,18,306,671,2220,False,1.0,523.0,543.0,,,,,,,1.521111111111111,0.2375000416666667,342.0,Wednesday
4319703577,2016-04-21,3702,2.48000001907349,2.48000001907349,0.0,0.0,0.0,0.349999994039536,0.0,0,0,34,1265,1792,False,1.0,59.0,65.0,,,,,,,1.0480555555555555,0.023611125,34.0,Thursday
4319703577,2016-04-22,4500,3.01999998092651,3.01999998092651,0.0,0.0599999986588955,0.810000002384186,2.15000009536743,0.0,1,19,176,709,1886,False,1.0,533.0,550.0,,,,,,,1.2962500000000001,0.1506945,217.0,Friday
4319703577,2016-04-23,4935,3.30999994277954,3.30999994277954,0.0,0.0,0.0,3.30999994277954,0.0,0,0,233,546,1945,False,1.0,692.0,722.0,,,,,,,1.3364583333333333,0.16180562499999998,233.0,Saturday
4319703577,2016-04-24,4081,2.74000000953674,2.74000000953674,0.0,0.0599999986588955,0.200000002980232,2.47000002861023,0.0,1,5,191,692,1880,False,1.0,467.0,501.0,,,,,,,1.2921527777777777,0.14166675,204.0,Sunday
4319703577,2016-04-25,9259,6.21000003814697,6.21000003814697,0.0,0.0,0.280000001192093,5.92999982833862,0.0,0,8,390,544,2314,False,1.0,488.0,506.0,,,,,,,1.5897916666666667,0.28194437499999997,406.0,Monday
4319703577,2016-04-26,9899,6.6399998664856,6.6399998664856,0.0,0.569999992847443,0.920000016689301,5.15000009536743,0.0,8,21,288,649,2236,False,1.0,505.0,516.0,,,,,,,1.5362500000000001,0.245833375,354.0,Tuesday
4319703577,2016-04-27,10780,7.23000001907349,7.23000001907349,0.0,0.409999996423721,1.91999995708466,4.90999984741211,0.0,6,47,300,680,2324,False,1.0,286.0,307.0,,,,,,,1.5968055555555556,0.2861112083333333,412.0,Wednesday
4319703577,2016-04-28,10817,7.28000020980835,7.28000020980835,0.0,1.00999999046326,0.330000013113022,5.94000005722046,0.0,13,8,359,552,2367,False,1.0,497.0,522.0,,,,,,,1.6263888888888889,0.28750004166666665,414.0,Thursday
4319703577,2016-04-29,7990,5.3600001335144,5.3600001335144,0.0,0.449999988079071,0.790000021457672,4.11999988555908,0.0,6,18,289,624,2175,False,1.0,523.0,546.0,,,,,,,1.4947916666666665,0.23819445833333333,343.0,Friday
4319703577,2016-04-30,8221,5.51999998092651,5.51999998092651,0.0,0.400000005960464,1.61000001430511,3.50999999046326,0.0,6,38,196,695,2092,False,1.0,490.0,516.0,,,,,,,1.437361111111111,0.201388875,290.0,Saturday
4319703577,2016-05-01,1251,0.839999973773956,0.839999973773956,0.0,0.0,0.0,0.839999973773956,0.0,0,0,67,836,1593,False,1.0,484.0,500.0,,,,,,,1.0949305555555555,0.04652775,67.0,Sunday
4319703577,2016-05-02,9261,6.23999977111816,6.23999977111816,0.0,0.0,0.439999997615814,5.71000003814697,0.0,0,11,344,585,2270,False,1.0,478.0,506.0,,,,,,,1.5556944444444443,0.25416675,366.0,Monday
4319703577,2016-05-03,9648,6.46999979019165,6.46999979019165,0.0,0.579999983310699,1.07000005245209,4.82999992370605,0.0,8,26,287,669,2235,False,1.0,474.0,512.0,,,,,,,1.535763888888889,0.252083375,363.0,Tuesday
4319703577,2016-05-04,10429,7.01999998092651,7.01999998092651,0.0,0.589999973773956,0.579999983310699,5.84999990463257,0.0,8,13,313,1106,2282,False,,,,72.3000030517578,27.3799991607666,True,,,,1.5681944444444444,0.252083375,363.0,Wednesday
4319703577,2016-05-05,13658,9.48999977111816,9.48999977111816,0.0,2.63000011444092,1.4099999666214,5.44999980926514,0.0,27,34,328,957,2530,False,,,,,,,,,,1.7380555555555557,0.33125008333333333,477.0,Thursday
4319703577,2016-05-06,9524,6.42000007629395,6.42000007629395,0.0,0.409999996423721,0.469999998807907,5.46000003814697,0.0,6,11,314,692,2266,False,1.0,450.0,491.0,,,,,,,1.5554861111111111,0.24583333333333332,354.0,Friday
4319703577,2016-05-07,7937,5.32999992370605,5.32999992370605,0.0,0.189999997615814,1.04999995231628,4.07999992370605,0.0,3,28,279,586,2158,False,1.0,507.0,530.0,,,,,,,1.484513888888889,0.23888895833333335,344.0,Saturday
4319703577,2016-05-08,3672,2.46000003814697,2.46000003814697,0.0,0.0,0.0,2.46000003814697,0.0,0,0,153,603,1792,False,1.0,602.0,638.0,,,,,,,1.2321527777777779,0.10624995833333334,153.0,Sunday
4319703577,2016-05-09,10378,6.96000003814697,6.96000003814697,0.0,0.140000000596046,0.560000002384186,6.25,0.0,2,14,374,490,2345,False,1.0,535.0,565.0,,,,,,,1.6131250000000001,0.28333320833333336,408.0,Monday
4319703577,2016-05-10,9487,6.36999988555908,6.36999988555908,0.0,0.209999993443489,0.46000000834465,5.69999980926514,0.0,3,12,329,555,2260,False,1.0,487.0,517.0,,,,,,,1.554861111111111,0.2513889166666667,362.0,Tuesday
4319703577,2016-05-11,9129,6.13000011444092,6.13000011444092,0.0,0.200000002980232,0.740000009536743,5.17999982833862,0.0,3,18,311,574,2232,False,1.0,529.0,558.0,,,,,,,1.535138888888889,0.24722225,356.0,Wednesday
4319703577,2016-05-12,17,0.0099999997764825,0.0099999997764825,0.0,0.0,0.0,0.0099999997764825,0.0,0,0,2,0,257,False,1.0,302.0,321.0,,,,,,,1.01875,0.0083335,2.0,Thursday
4388161847,2016-04-12,10122,7.78000020980835,7.78000020980835,0.0,0.0,0.0,0.0,0.0,0,0,0,1440,2955,True,,,,,,,,,,1.0,0.0,0.0,Tuesday
4388161847,2016-04-13,10993,8.44999980926514,8.44999980926514,0.0,0.0599999986588955,0.629999995231628,3.88000011444092,0.0,1,14,150,1275,3092,False,,,,,,,67.04312865497076,45.0,130.0,1.3365277777777778,0.12569445833333334,181.0,Wednesday
4388161847,2016-04-14,8863,6.82000017166138,6.82000017166138,0.0,0.129999995231628,1.07000005245209,5.61999988555908,0.0,10,35,219,945,2998,False,,,,,,,68.43871753246754,48.0,132.0,1.59625,0.22152775,319.0,Thursday
4388161847,2016-04-15,8758,6.73000001907349,6.73000001907349,0.0,0.0,0.0,6.73000001907349,0.0,0,0,299,837,3066,False,1.0,499.0,526.0,,,,67.47093970668115,44.0,127.0,1.6328472222222221,0.207639,299.0,Friday
4388161847,2016-04-16,6580,5.05999994277954,5.05999994277954,0.0,0.209999993443489,0.400000005960464,4.44999980926514,0.0,6,9,253,609,3073,False,2.0,426.0,448.0,,,,75.47658862876254,56.0,142.0,1.6363888888888887,0.20069445833333333,289.0,Saturday
4388161847,2016-04-17,4660,3.57999992370605,3.57999992370605,0.0,0.0,0.0,3.57999992370605,0.0,0,0,201,721,2572,False,2.0,619.0,641.0,,,,66.39134502923977,49.0,113.0,1.3697222222222223,0.13958345833333333,201.0,Sunday
4388161847,2016-04-18,11009,9.10000038146973,9.10000038146973,0.0,3.55999994277954,0.400000005960464,5.1399998664856,0.0,27,8,239,1017,3274,False,1.0,99.0,104.0,,,,81.49099490746491,50.0,176.0,1.7431944444444443,0.23333337499999998,336.0,Monday
4388161847,2016-04-19,10181,7.82999992370605,7.82999992370605,0.0,1.37000000476837,0.689999997615814,5.76999998092651,0.0,20,16,249,704,3015,False,1.0,329.0,338.0,,,,65.5324563295234,46.0,136.0,1.6052777777777778,0.23680554166666667,341.0,Tuesday
4388161847,2016-04-20,10553,8.11999988555908,8.11999988555908,0.0,1.10000002384186,1.72000002861023,5.28999996185303,0.0,19,42,228,696,3083,False,1.0,421.0,451.0,,,,65.40125868055556,46.0,149.0,1.6415277777777777,0.2562499166666667,369.0,Wednesday
4388161847,2016-04-21,10055,7.73000001907349,7.73000001907349,0.0,0.370000004768372,0.389999985694885,6.98000001907349,0.0,7,12,272,853,3069,False,1.0,442.0,458.0,,,,63.099279119767296,42.0,146.0,1.6343055555555555,0.22013891666666666,317.0,Thursday
4388161847,2016-04-22,12139,9.34000015258789,9.34000015258789,0.0,3.29999995231628,1.11000001430511,4.92000007629395,0.0,77,25,220,945,3544,False,1.0,82.0,85.0,,,,73.27719923266649,49.0,149.0,1.8868749999999999,0.3479167083333334,501.0,Friday
4388161847,2016-04-23,13236,10.1800003051758,10.1800003051758,0.0,4.5,0.319999992847443,5.34999990463257,0.0,58,5,215,749,3306,False,1.0,478.0,501.0,,,,67.08074201158053,44.0,158.0,1.7606944444444443,0.27708341666666664,399.0,Saturday
4388161847,2016-04-24,10243,7.88000011444092,7.88000011444092,0.0,1.08000004291534,0.509999990463257,6.30000019073486,0.0,14,8,239,584,2885,False,3.0,552.0,595.0,,,,62.10169687175343,44.0,139.0,1.536111111111111,0.20624995833333334,297.0,Sunday
4388161847,2016-04-25,12961,9.97000026702881,9.97000026702881,0.0,0.730000019073486,1.39999997615814,7.84000015258789,0.0,11,31,301,1054,3288,False,,,,,,,67.51205052197449,45.0,150.0,1.7511111111111113,0.2750000833333333,396.0,Monday
4388161847,2016-04-26,9461,7.28000020980835,7.28000020980835,0.0,0.939999997615814,1.05999994277954,5.26999998092651,0.0,14,23,224,673,2929,False,1.0,319.0,346.0,,,,62.51359843970094,42.0,128.0,1.5595833333333333,0.216666625,312.0,Tuesday
4388161847,2016-04-27,11193,8.60999965667725,8.60999965667725,0.0,0.699999988079071,2.50999999046326,5.3899998664856,0.0,11,48,241,684,3074,False,1.0,439.0,500.0,,,,62.120521869318786,42.0,153.0,1.6370138888888888,0.25694454166666664,370.0,Wednesday
4388161847,2016-04-28,10074,7.75,7.75,0.0,1.28999996185303,0.430000007152557,6.03000020980835,0.0,19,9,234,878,2969,False,1.0,428.0,458.0,,,,62.32648343180067,41.0,131.0,1.5808333333333333,0.214583375,309.0,Thursday
4388161847,2016-04-29,9232,7.09999990463257,7.09999990463257,0.0,0.800000011920929,0.889999985694885,5.42000007629395,0.0,13,16,236,1175,2979,False,,,,,,,66.10588863666712,44.0,133.0,1.5861805555555555,0.2131944166666667,307.0,Friday
4388161847,2016-04-30,12533,9.64000034332275,9.64000034332275,0.0,0.699999988079071,2.0,6.94000005722046,0.0,14,43,300,537,3283,False,2.0,409.0,430.0,,,,64.22769296925392,45.0,113.0,1.7480555555555555,0.29722225,428.0,Saturday
4388161847,2016-05-01,10255,7.8899998664856,7.8899998664856,0.0,1.00999999046326,0.680000007152557,6.19999980926514,0.0,12,15,241,579,2926,False,1.0,547.0,597.0,,,,60.02217947267172,39.0,105.0,1.5583333333333333,0.2131944583333333,307.0,Sunday
4388161847,2016-05-02,10096,8.39999961853027,8.39999961853027,0.0,3.76999998092651,0.0799999982118607,4.55000019073486,0.0,33,4,204,935,3147,False,2.0,368.0,376.0,,,,66.39496105160661,43.0,180.0,1.6756944444444444,0.21597225,311.0,Monday
4388161847,2016-05-03,12727,9.78999996185303,9.78999996185303,0.0,1.12999999523163,0.779999971389771,7.88000011444092,0.0,18,18,306,984,3290,False,,,,,,,66.62235142118863,44.0,135.0,1.7517361111111112,0.275,396.0,Tuesday
4388161847,2016-05-04,12375,9.52000045776367,9.52000045776367,0.0,2.78999996185303,0.930000007152557,5.80000019073486,0.0,35,21,251,632,3162,False,1.0,390.0,414.0,,,,61.94766681203663,42.0,126.0,1.6836111111111112,0.27638883333333336,398.0,Wednesday
4388161847,2016-05-05,9603,7.38000011444092,7.38000011444092,0.0,0.629999995231628,1.66999995708466,5.09000015258789,0.0,12,39,199,896,2899,False,1.0,471.0,495.0,,,,61.041297935103245,42.0,123.0,1.5438194444444444,0.21736112500000002,313.0,Thursday
4388161847,2016-05-06,13175,10.1300001144409,10.1300001144409,0.0,2.10999989509583,2.08999991416931,5.92999982833862,0.0,33,45,262,1100,3425,False,,,,,,,69.07669760625305,47.0,151.0,1.823611111111111,0.3131944583333333,451.0,Friday
4388161847,2016-05-07,22770,17.5400009155273,17.5400009155273,0.0,9.44999980926514,2.76999998092651,5.32999992370605,0.0,120,56,260,508,4022,False,1.0,472.0,496.0,,,,66.62712040795088,41.0,153.0,2.1416666666666666,0.508333375,732.0,Saturday
4388161847,2016-05-08,17298,14.3800001144409,14.3800001144409,0.0,9.89000034332275,1.25999999046326,3.23000001907349,0.0,107,38,178,576,3934,False,2.0,529.0,541.0,,,,76.78011037766476,43.0,171.0,2.0949999999999998,0.3993055833333334,575.0,Sunday
4388161847,2016-05-09,10218,7.8600001335144,7.8600001335144,0.0,0.340000003576279,0.730000019073486,6.78999996185303,0.0,6,19,258,1020,3013,False,1.0,62.0,65.0,,,,64.05171717171717,44.0,140.0,1.6044444444444443,0.21805558333333333,314.0,Monday
4388161847,2016-05-10,10299,7.92000007629395,7.92000007629395,0.0,0.810000002384186,0.649999976158142,6.46000003814697,0.0,13,14,267,648,3061,False,1.0,354.0,375.0,,,,61.22121701669359,41.0,121.0,1.6297916666666665,0.23194454166666667,334.0,Tuesday
4388161847,2016-05-11,10201,7.84000015258789,7.84000015258789,0.0,0.529999971389771,0.790000021457672,6.53000020980835,0.0,8,18,256,858,2954,False,1.0,469.0,494.0,,,,59.97196611014204,40.0,125.0,1.5729861111111112,0.21944445833333334,316.0,Wednesday
4388161847,2016-05-12,3369,2.58999991416931,2.58999991416931,0.0,0.0,0.0,2.58999991416931,0.0,0,0,108,825,1623,False,,,,,,,60.24690976514215,44.0,136.0,1.3236666666666665,0.11222226666666665,101.0,Thursday
4445114986,2016-04-12,3276,2.20000004768372,2.20000004768372,0.0,0.0,0.0,2.20000004768372,0.0,0,0,196,787,2113,False,2.0,429.0,457.0,,,,,,,1.2772222222222223,0.13611108333333333,196.0,Tuesday
4445114986,2016-04-13,2961,1.99000000953674,1.99000000953674,0.0,0.0,0.0,1.99000000953674,0.0,0,0,194,840,2095,False,2.0,370.0,406.0,,,,,,,1.265972222222222,0.13472220833333334,194.0,Wednesday
4445114986,2016-04-14,3974,2.67000007629395,2.67000007629395,0.0,0.0,0.0,2.67000007629395,0.0,0,0,231,717,2194,False,1.0,441.0,492.0,,,,,,,1.325763888888889,0.16041670833333332,231.0,Thursday
4445114986,2016-04-15,7198,4.82999992370605,4.82999992370605,0.0,0.0,0.0,4.82999992370605,0.0,0,0,350,711,2496,False,2.0,337.0,379.0,,,,,,,1.5082638888888888,0.24305554166666665,350.0,Friday
4445114986,2016-04-16,3945,2.65000009536743,2.65000009536743,0.0,0.0,0.0,2.65000009536743,0.0,0,0,225,716,2180,False,1.0,462.0,499.0,,,,,,,1.3175694444444443,0.15625004166666664,225.0,Saturday
4445114986,2016-04-17,2268,1.51999998092651,1.51999998092651,0.0,0.0,0.0,1.51999998092651,0.0,0,0,114,1219,1933,False,1.0,98.0,107.0,,,,,,,1.1672222222222222,0.07916670833333334,114.0,Sunday
4445114986,2016-04-18,6155,4.23999977111816,4.23999977111816,0.0,2.0,0.28999999165535,1.95000004768372,0.0,25,6,162,1247,2248,False,,,,,,,,,,1.3584027777777776,0.1729166666666667,249.0,Monday
4445114986,2016-04-19,2064,1.38999998569489,1.38999998569489,0.0,0.0,0.0,1.38999998569489,0.0,0,0,121,895,1954,False,2.0,388.0,424.0,,,,,,,1.180763888888889,0.08402770833333334,121.0,Tuesday
4445114986,2016-04-20,2072,1.38999998569489,1.38999998569489,0.0,0.0,0.0,1.38999998569489,0.0,0,0,137,841,1974,False,1.0,439.0,462.0,,,,,,,1.1929166666666666,0.09513891666666667,137.0,Wednesday
4445114986,2016-04-21,3809,2.55999994277954,2.55999994277954,0.0,0.0,0.0,2.53999996185303,0.0,0,0,215,756,2150,False,1.0,436.0,469.0,,,,,,,1.2971527777777778,0.14930558333333332,215.0,Thursday
4445114986,2016-04-22,6831,4.57999992370605,4.57999992370605,0.0,0.0,0.0,4.57999992370605,0.0,0,0,317,706,2432,False,1.0,388.0,417.0,,,,,,,1.4693749999999999,0.22013891666666666,317.0,Friday
4445114986,2016-04-23,4363,2.9300000667572,2.9300000667572,0.0,0.0,0.0,2.9300000667572,0.0,0,0,201,1239,2149,False,,,,,,,,,,1.3022916666666666,0.13958333333333334,201.0,Saturday
4445114986,2016-04-24,5002,3.35999989509583,3.35999989509583,0.0,0.0,0.0,3.35999989509583,0.0,0,0,244,1196,2247,False,,,,,,,,,,1.3616666666666668,0.169444375,244.0,Sunday
4445114986,2016-04-25,3385,2.26999998092651,2.26999998092651,0.0,0.0,0.0,2.26999998092651,0.0,0,0,179,916,2070,False,1.0,328.0,345.0,,,,,,,1.2549305555555557,0.12430554166666667,179.0,Monday
4445114986,2016-04-26,6326,4.40999984741211,4.40999984741211,0.0,2.41000008583069,0.0399999991059303,1.96000003814697,0.0,29,1,180,839,2291,False,2.0,353.0,391.0,,,,,,,1.3885416666666666,0.18680554166666666,269.0,Tuesday
4445114986,2016-04-27,7243,5.03000020980835,5.03000020980835,0.0,2.61999988555908,0.0299999993294477,2.38000011444092,0.0,32,1,194,839,2361,False,1.0,332.0,374.0,,,,,,,1.43125,0.20277779166666668,292.0,Wednesday
4445114986,2016-04-28,4493,3.00999999046326,3.00999999046326,0.0,0.0,0.0,3.00999999046326,0.0,0,0,236,762,2203,False,1.0,419.0,442.0,,,,,,,1.3354861111111112,0.163888875,236.0,Thursday
4445114986,2016-04-29,4676,3.14000010490417,3.14000010490417,0.0,0.0,0.0,3.13000011444092,0.0,0,0,226,1106,2196,False,1.0,106.0,108.0,,,,,,,1.3296527777777778,0.15694450000000001,226.0,Friday
4445114986,2016-04-30,6222,4.17999982833862,4.17999982833862,0.0,0.0,0.0,4.17999982833862,0.0,0,0,290,797,2363,False,1.0,322.0,353.0,,,,,,,1.4323611111111112,0.20138891666666667,290.0,Saturday
4445114986,2016-05-01,5232,3.50999999046326,3.50999999046326,0.0,0.0,0.0,3.50999999046326,0.0,0,0,240,741,2246,False,2.0,439.0,459.0,,,,,,,1.361388888888889,0.16666666666666666,240.0,Sunday
4445114986,2016-05-02,6910,4.75,4.75,0.0,2.21000003814697,0.189999997615814,2.34999990463257,0.0,27,4,200,667,2336,False,1.0,502.0,542.0,,,,,,,1.415625,0.20069441666666665,289.0,Monday
4445114986,2016-05-03,7502,5.17999982833862,5.17999982833862,0.0,2.48000001907349,0.109999999403954,2.57999992370605,0.0,30,2,233,725,2421,False,2.0,417.0,450.0,,,,,,,1.4670833333333333,0.227083375,327.0,Tuesday
4445114986,2016-05-04,2923,1.96000003814697,1.96000003814697,0.0,0.0,0.0,1.96000003814697,0.0,0,0,180,897,2070,False,2.0,337.0,363.0,,,,,,,1.2547916666666667,0.12500008333333332,180.0,Wednesday
4445114986,2016-05-05,3800,2.54999995231628,2.54999995231628,0.0,0.119999997317791,0.239999994635582,2.1800000667572,0.0,2,6,185,734,2120,False,2.0,462.0,513.0,,,,,,,1.2852083333333333,0.14097225,203.0,Thursday
4445114986,2016-05-06,4514,3.02999997138977,3.02999997138977,0.0,0.0,0.0,3.02999997138977,0.0,0,0,229,809,2211,False,2.0,374.0,402.0,,,,,,,1.34,0.15902791666666669,229.0,Friday
4445114986,2016-05-07,5183,3.58999991416931,3.58999991416931,0.0,2.13000011444092,0.189999997615814,1.25,0.0,26,4,108,866,2123,False,2.0,401.0,436.0,,,,,,,1.287013888888889,0.13472220833333334,194.0,Saturday
4445114986,2016-05-08,7303,4.90000009536743,4.90000009536743,0.0,0.0,0.25,4.65000009536743,0.0,0,8,308,733,2423,False,1.0,361.0,391.0,,,,,,,1.4685416666666666,0.22499995833333333,324.0,Sunday
4445114986,2016-05-09,5275,3.53999996185303,3.53999996185303,0.0,0.0,0.0,3.53999996185303,0.0,0,0,266,641,2281,False,1.0,457.0,533.0,,,,,,,1.3825694444444445,0.18472225,266.0,Monday
4445114986,2016-05-10,3915,2.63000011444092,2.63000011444092,0.0,0.0,0.0,2.63000011444092,0.0,0,0,231,783,2181,False,1.0,405.0,426.0,,,,,,,1.3220138888888888,0.16041670833333332,231.0,Tuesday
4445114986,2016-05-11,9105,6.1100001335144,6.1100001335144,0.0,2.25,1.0,2.85999989509583,0.0,34,22,232,622,2499,False,1.0,499.0,530.0,,,,,,,1.5147916666666668,0.26249991666666667,378.0,Wednesday
4445114986,2016-05-12,768,0.519999980926514,0.519999980926514,0.0,0.0,0.0,0.519999980926514,0.0,0,0,58,380,1212,False,1.0,483.0,501.0,,,,,,,1.0914102564102564,0.05666673333333334,51.0,Thursday
4558609924,2016-04-12,5135,3.39000010490417,3.39000010490417,0.0,0.0,0.0,3.39000010490417,0.0,0,0,318,1122,1909,False,,,,,,,76.63937719738824,57.0,104.0,1.4288888888888889,0.220833375,318.0,Tuesday
4558609924,2016-04-13,4978,3.28999996185303,3.28999996185303,0.0,1.24000000953674,0.439999997615814,1.61000001430511,0.0,19,7,127,1287,1722,False,,,,,,,85.10215664018162,64.0,144.0,1.288888888888889,0.13750004166666668,198.0,Wednesday
4558609924,2016-04-14,6799,4.48999977111816,4.48999977111816,0.0,0.0,0.0,4.48999977111816,0.0,0,0,279,1161,1922,False,,,,,,,81.55655599324704,56.0,108.0,1.4388194444444444,0.19374991666666666,279.0,Thursday
4558609924,2016-04-15,7795,5.15000009536743,5.15000009536743,0.0,0.589999973773956,0.839999973773956,3.73000001907349,0.0,17,30,262,1131,2121,False,,,,,,,90.86349049617378,58.0,146.0,1.5877083333333333,0.2590277916666667,373.0,Friday
4558609924,2016-04-16,7289,4.82000017166138,4.82000017166138,0.0,0.550000011920929,0.75,3.5,0.0,8,12,308,1112,1997,False,,,,,,,76.29632320883593,55.0,135.0,1.4896527777777777,0.24722229166666668,356.0,Saturday
4558609924,2016-04-17,9634,6.40000009536743,6.40000009536743,0.0,0.550000011920929,1.13999998569489,4.71000003814697,0.0,7,19,304,1110,2117,False,,,,,,,83.2046897899365,57.0,136.0,1.581597222222222,0.252083375,363.0,Sunday
4558609924,2016-04-18,8940,5.90999984741211,5.90999984741211,0.0,0.980000019073486,0.930000007152557,4.0,0.0,14,15,331,1080,2116,False,,,,69.6999969482422,27.25,True,80.4574690464705,55.0,141.0,1.5802777777777777,0.27986104166666664,403.0,Monday
4558609924,2016-04-19,5401,3.5699999332428,3.5699999332428,0.0,0.0500000007450581,0.360000014305115,3.16000008583069,0.0,1,9,248,1182,1876,False,,,,,,,83.0984677782785,61.0,132.0,1.4006944444444445,0.18680558333333333,269.0,Tuesday
4558609924,2016-04-20,4803,3.17000007629395,3.17000007629395,0.0,0.0,0.0,3.17000007629395,0.0,0,0,222,1218,1788,False,,,,,,,76.92327166504381,57.0,110.0,1.3356944444444445,0.154166625,222.0,Wednesday
4558609924,2016-04-21,13743,9.07999992370605,9.07999992370605,0.0,0.419999986886978,0.970000028610229,7.69999980926514,0.0,6,21,432,844,2486,False,1.0,126.0,137.0,,,,85.66238718698361,54.0,121.0,1.8568055555555556,0.34166674999999996,492.0,Thursday
4558609924,2016-04-22,9601,6.34999990463257,6.34999990463257,0.0,1.37000000476837,1.5,3.47000002861023,0.0,20,25,273,1122,2094,False,,,,,,,82.56045881790665,57.0,140.0,1.5641666666666667,0.26597224999999997,383.0,Friday
4558609924,2016-04-23,6890,4.55000019073486,4.55000019073486,0.0,0.340000003576279,0.200000002980232,4.01000022888184,0.0,5,5,308,1122,2085,False,,,,,,,85.85146641438033,60.0,133.0,1.5522222222222222,0.23124999999999998,333.0,Saturday
4558609924,2016-04-24,8563,5.65999984741211,5.65999984741211,0.0,0.0,0.0,5.65000009536743,0.0,0,0,395,1045,2173,False,,,,,,,83.96923312413898,58.0,121.0,1.6143055555555557,0.27430554166666665,395.0,Sunday
4558609924,2016-04-25,8095,5.34999990463257,5.34999990463257,0.0,0.589999973773956,0.25,4.51000022888184,0.0,18,10,340,993,2225,False,,,,70.3000030517578,27.4599990844727,True,82.49422222222222,55.0,163.0,1.6554861111111112,0.2875,414.0,Monday
4558609924,2016-04-26,9148,6.05000019073486,6.05000019073486,0.0,0.430000007152557,2.02999997138977,3.58999991416931,0.0,12,41,283,1062,2223,False,1.0,103.0,121.0,,,,91.335402888379,59.0,148.0,1.6526388888888888,0.27847220833333336,401.0,Tuesday
4558609924,2016-04-27,9557,6.32000017166138,6.32000017166138,0.0,1.96000003814697,0.889999985694885,3.46000003814697,0.0,27,14,312,1087,2098,False,,,,,,,84.5569756698491,60.0,122.0,1.5607638888888888,0.292361125,421.0,Wednesday
4558609924,2016-04-28,9451,6.25,6.25,0.0,0.0199999995529652,0.270000010728836,5.94999980926514,0.0,1,11,367,985,2185,False,,,,,,,85.64209429538943,59.0,133.0,1.625138888888889,0.27222233333333334,392.0,Thursday
4558609924,2016-04-29,7833,5.17999982833862,5.17999982833862,0.0,1.01999998092651,1.85000002384186,2.30999994277954,0.0,15,29,197,1096,1918,False,1.0,171.0,179.0,,,,80.55509145902347,53.0,139.0,1.4299305555555555,0.20833329166666667,300.0,Friday
4558609924,2016-04-30,10319,6.82000017166138,6.82000017166138,0.0,0.469999998807907,1.88999998569489,4.46000003814697,0.0,7,29,293,1111,2105,False,,,,,,,79.18702506521493,53.0,134.0,1.5686111111111112,0.25833337500000003,372.0,Saturday
4558609924,2016-05-01,3428,2.26999998092651,2.26999998092651,0.0,0.0,0.0,2.26999998092651,0.0,0,0,190,1121,1692,False,1.0,115.0,129.0,69.9000015258789,27.3199996948242,True,70.84190403364558,53.0,127.0,1.261388888888889,0.13194441666666668,190.0,Sunday
4558609924,2016-05-02,7891,5.21999979019165,5.21999979019165,0.0,0.0,0.0,5.21999979019165,0.0,0,0,383,1057,2066,False,,,,69.1999969482422,27.0400009155273,True,78.66975261799969,55.0,108.0,1.549375,0.26597224999999997,383.0,Monday
4558609924,2016-05-03,5267,3.48000001907349,3.48000001907349,0.0,0.600000023841858,0.280000001192093,2.59999990463257,0.0,21,10,237,1172,1953,False,,,,,,,82.52032630863359,52.0,148.0,1.4645833333333333,0.22222233333333333,320.0,Tuesday
4558609924,2016-05-04,5232,3.46000003814697,3.46000003814697,0.0,0.0,0.0,3.46000003814697,0.0,0,0,252,1188,1842,False,,,,,,,76.8313704496788,54.0,127.0,1.3816666666666666,0.17499995833333334,252.0,Wednesday
4558609924,2016-05-05,10611,7.01000022888184,7.01000022888184,0.0,1.00999999046326,0.5,5.51000022888184,0.0,14,8,370,1048,2262,False,,,,,,,81.93927185914653,48.0,130.0,1.6956944444444446,0.29722224999999997,428.0,Thursday
4558609924,2016-05-06,3755,2.48000001907349,2.48000001907349,0.0,0.0,0.0,2.48000001907349,0.0,0,0,202,1238,1722,False,,,,,,,71.94897771228587,51.0,110.0,1.2916666666666665,0.14027783333333332,202.0,Friday
4558609924,2016-05-07,8237,5.44000005722046,5.44000005722046,0.0,1.61000001430511,1.0,2.82999992370605,0.0,23,16,233,1116,1973,False,,,,,,,76.24857300681275,54.0,116.0,1.4795833333333333,0.23194445833333333,334.0,Saturday
4558609924,2016-05-08,6543,4.32999992370605,4.32999992370605,0.0,1.79999995231628,0.5,2.01999998092651,0.0,66,35,238,1019,2666,False,1.0,123.0,134.0,,,,104.87147199305254,45.0,199.0,2.0008333333333335,0.35138891666666666,506.0,Sunday
4558609924,2016-05-09,11451,7.57000017166138,7.57000017166138,0.0,0.430000007152557,1.62000000476837,5.51999998092651,0.0,6,30,339,1065,2223,False,,,,69.0999984741211,27.0,True,79.37543278639168,54.0,110.0,1.6685416666666666,0.28958333333333336,417.0,Monday
4558609924,2016-05-10,6435,4.25,4.25,0.0,0.740000009536743,1.12000000476837,2.39000010490417,0.0,11,18,220,1191,1889,False,,,,,,,75.78962353685543,50.0,147.0,1.4170833333333333,0.20069445833333333,289.0,Tuesday
4558609924,2016-05-11,9108,6.01999998092651,6.01999998092651,0.0,0.259999990463257,1.82000005245209,3.94000005722046,0.0,4,31,324,1081,2131,False,,,,,,,74.92423536717901,44.0,138.0,1.5988194444444443,0.27638887500000003,398.0,Wednesday
4558609924,2016-05-12,6307,4.17000007629395,4.17000007629395,0.0,0.0,0.0,4.17000007629395,0.0,0,0,247,736,1452,False,,,,,,,79.67777199375325,54.0,117.0,1.5787499999999999,0.241666625,232.0,Thursday
4702921684,2016-04-12,7213,5.88000011444092,5.88000011444092,0.0,0.0,0.0,5.84999990463257,0.0,0,0,263,718,2947,False,1.0,425.0,439.0,,,,,,,1.461111111111111,0.182638875,263.0,Tuesday
4702921684,2016-04-13,6877,5.57999992370605,5.57999992370605,0.0,0.0,0.0,5.57999992370605,0.0,0,0,258,777,2898,False,2.0,400.0,430.0,,,,,,,1.4361111111111111,0.17916666666666667,258.0,Wednesday
4702921684,2016-04-14,7860,6.36999988555908,6.36999988555908,0.0,0.0,0.0,6.36999988555908,0.0,0,0,271,772,2984,False,1.0,384.0,415.0,,,,,,,1.4797222222222222,0.18819450000000001,271.0,Thursday
4702921684,2016-04-15,6506,5.28000020980835,5.28000020980835,0.0,0.0700000002980232,0.419999986886978,4.78999996185303,0.0,1,8,256,944,2896,False,1.0,253.0,257.0,,,,,,,1.4358333333333333,0.1909722083333333,275.0,Friday
4702921684,2016-04-16,11140,9.02999973297119,9.02999973297119,0.0,0.239999994635582,1.25,7.53999996185303,0.0,3,24,335,556,3328,False,2.0,382.0,406.0,,,,,,,1.6469444444444445,0.2722222083333334,392.0,Saturday
4702921684,2016-04-17,12692,10.289999961853,10.289999961853,0.0,0.959999978542328,3.46000003814697,5.88000011444092,0.0,12,66,302,437,3394,False,1.0,591.0,612.0,,,,,,,1.682777777777778,0.32638887499999997,470.0,Sunday
4702921684,2016-04-18,9105,7.38000011444092,7.38000011444092,0.0,1.82000005245209,1.49000000953674,4.07000017166138,0.0,22,30,191,890,3013,False,1.0,293.0,312.0,,,,,,,1.4941666666666666,0.2201387916666667,317.0,Monday
4702921684,2016-04-19,6708,5.44000005722046,5.44000005722046,0.0,0.879999995231628,0.370000004768372,4.19000005722046,0.0,10,8,179,757,2812,False,1.0,457.0,487.0,,,,,,,1.3944444444444444,0.15625,225.0,Tuesday
4702921684,2016-04-20,8793,7.13000011444092,7.13000011444092,0.0,0.159999996423721,1.23000001907349,5.73000001907349,0.0,2,29,260,717,3061,False,1.0,454.0,468.0,,,,,,,1.517638888888889,0.22499995833333333,324.0,Wednesday
4702921684,2016-04-21,6530,5.30000019073486,5.30000019073486,0.0,0.310000002384186,2.04999995231628,2.94000005722046,0.0,4,41,144,901,2729,False,1.0,425.0,434.0,,,,,,,1.3531944444444446,0.16527779166666667,238.0,Thursday
4702921684,2016-04-22,1664,1.35000002384186,1.35000002384186,0.0,0.0,0.0,1.35000002384186,0.0,0,0,72,1341,2241,False,,,,,,,,,,1.111388888888889,0.05000000000000001,72.0,Friday
4702921684,2016-04-23,15126,12.2700004577637,12.2700004577637,0.0,0.759999990463257,3.24000000953674,8.27000045776367,0.0,9,66,408,469,3691,False,1.0,465.0,475.0,,,,,,,1.8302777777777777,0.39375008333333333,567.0,Saturday
4702921684,2016-04-24,15050,12.2200002670288,12.2200002670288,0.0,1.20000004768372,5.11999988555908,5.88000011444092,0.0,15,95,281,542,3538,False,1.0,480.0,506.0,,,,,,,1.7543055555555553,0.358333375,516.0,Sunday
4702921684,2016-04-25,9167,7.42999982833862,7.42999982833862,0.0,0.490000009536743,0.819999992847443,6.1100001335144,0.0,6,15,270,730,3064,False,1.0,370.0,380.0,,,,,,,1.5172222222222222,0.220833375,318.0,Monday
4702921684,2016-04-26,6108,4.94999980926514,4.94999980926514,0.0,0.0700000002980232,0.349999994039536,4.53999996185303,0.0,1,8,216,765,2784,False,1.0,421.0,429.0,,,,,,,1.3801388888888888,0.16319445833333332,235.0,Tuesday
4702921684,2016-04-27,7047,5.71999979019165,5.71999979019165,0.0,0.0900000035762787,0.800000011920929,4.78000020980835,0.0,1,16,238,733,2908,False,1.0,432.0,449.0,,,,,,,1.4388888888888889,0.189583375,273.0,Wednesday
4702921684,2016-04-28,9023,7.32000017166138,7.32000017166138,0.0,1.12999999523163,0.419999986886978,5.76999998092651,0.0,14,9,232,738,3033,False,1.0,442.0,461.0,,,,,,,1.5040277777777777,0.20277779166666665,292.0,Thursday
4702921684,2016-04-29,9930,8.05000019073486,8.05000019073486,0.0,1.05999994277954,0.920000016689301,6.07000017166138,0.0,12,19,267,692,3165,False,1.0,433.0,447.0,,,,,,,1.5691666666666666,0.23680554166666667,341.0,Friday
4702921684,2016-04-30,10144,8.22999954223633,8.22999954223633,0.0,0.319999992847443,2.02999997138977,5.88000011444092,0.0,4,36,263,728,3115,False,1.0,479.0,501.0,,,,,,,1.5447222222222223,0.24097225,347.0,Saturday
4702921684,2016-05-01,0,0.0,0.0,0.0,0.0,0.0,0.0,0.0,0,0,0,1440,2017,True,,,,,,,,,,1.0,0.0,0.0,Sunday
4702921684,2016-05-02,7245,5.92000007629395,5.92000007629395,0.0,0.379999995231628,1.74000000953674,3.75999999046326,0.0,5,40,195,1131,2859,False,,,,,,,,,,1.417361111111111,0.20138895833333334,290.0,Monday
4702921684,2016-05-03,9454,7.67000007629395,7.67000007629395,0.0,0.0,0.0,7.67000007629395,0.0,0,0,313,729,3145,False,1.0,327.0,373.0,,,,,,,1.5584722222222223,0.21736108333333334,313.0,Tuesday
4702921684,2016-05-04,8161,6.61999988555908,6.61999988555908,0.0,0.340000003576279,0.730000019073486,5.53999996185303,0.0,4,15,251,757,3004,False,1.0,412.0,434.0,,,,,,,1.4893055555555557,0.20347220833333335,293.0,Wednesday
4702921684,2016-05-05,8614,6.98999977111816,6.98999977111816,0.0,0.670000016689301,0.219999998807907,6.09000015258789,0.0,8,5,241,745,3006,False,1.0,414.0,428.0,,,,,,,1.4895833333333335,0.19097229166666665,275.0,Thursday
4702921684,2016-05-06,6943,5.63000011444092,5.63000011444092,0.0,0.0799999982118607,0.660000026226044,4.86999988555908,0.0,1,16,207,682,2859,False,1.0,404.0,449.0,,,,,,,1.416111111111111,0.16805554166666667,242.0,Friday
4702921684,2016-05-07,14370,11.6499996185303,11.6499996185303,0.0,0.370000004768372,2.30999994277954,8.97000026702881,0.0,5,46,439,577,3683,False,1.0,520.0,543.0,,,,,,,1.82625,0.37916662500000003,546.0,Saturday
4702921684,2016-05-08,12857,10.4300003051758,10.4300003051758,0.0,0.680000007152557,6.21000003814697,3.53999996185303,0.0,9,125,192,1019,3287,False,,,,,,,,,,1.629722222222222,0.3256945,469.0,Sunday
4702921684,2016-05-09,8232,6.67999982833862,6.67999982833862,0.0,0.0,0.569999992847443,6.09999990463257,0.0,0,12,253,746,2990,False,1.0,435.0,458.0,,,,,,,1.4827777777777778,0.19236104166666668,277.0,Monday
4702921684,2016-05-10,10613,8.60999965667725,8.60999965667725,0.0,0.0799999982118607,1.87999999523163,6.65000009536743,0.0,1,37,262,701,3172,False,1.0,416.0,431.0,,,,,,,1.5729166666666665,0.23541662500000002,339.0,Tuesday
4702921684,2016-05-11,9810,7.96000003814697,7.96000003814697,0.0,0.779999971389771,2.16000008583069,4.98000001907349,0.0,10,41,235,784,3069,False,1.0,354.0,366.0,,,,,,,1.5219444444444445,0.24097220833333333,347.0,Wednesday
4702921684,2016-05-12,2752,2.23000001907349,2.23000001907349,0.0,0.0,0.0,2.23000001907349,0.0,0,0,68,241,1240,False,1.0,404.0,442.0,,,,,,,1.3215151515151515,0.10303036363636364,68.0,Thursday
5553957443,2016-04-12,11596,7.57000017166138,7.57000017166138,0.0,1.37000000476837,0.790000021457672,5.40999984741211,0.0,19,13,277,767,2026,False,1.0,441.0,464.0,,,,64.36511350059737,50.0,106.0,1.5359722222222223,0.24999991666666666,360.0,Tuesday
5553957443,2016-04-13,4832,3.16000008583069,3.16000008583069,0.0,0.0,0.0,3.16000008583069,0.0,0,0,226,647,1718,False,2.0,455.0,488.0,,,,61.483418208918145,47.0,95.0,1.3027083333333334,0.15694445833333334,226.0,Wednesday
5553957443,2016-04-14,17022,11.1199998855591,11.1199998855591,0.0,4.0,2.45000004768372,4.67000007629395,0.0,61,41,256,693,2324,False,1.0,357.0,418.0,,,,72.56047167909696,51.0,133.0,1.7622222222222224,0.36180562499999996,521.0,Thursday
5553957443,2016-04-15,16556,10.8599996566772,10.8599996566772,0.0,4.15999984741211,1.98000001907349,4.71000003814697,0.0,58,38,239,689,2254,False,1.0,377.0,409.0,,,,69.0200328407225,50.0,123.0,1.7090972222222223,0.33958333333333335,489.0,Friday
5553957443,2016-04-16,5771,3.76999998092651,3.76999998092651,0.0,0.0,0.0,3.76999998092651,0.0,0,0,288,521,1831,False,2.0,651.0,686.0,,,,66.0213644088371,50.0,116.0,1.3881944444444445,0.200000125,288.0,Saturday
5553957443,2016-04-17,655,0.430000007152557,0.430000007152557,0.0,0.0,0.0,0.430000007152557,0.0,0,0,46,943,1397,False,1.0,350.0,402.0,,,,59.37717466945024,49.0,84.0,1.0597222222222222,0.03194441666666666,46.0,Sunday
5553957443,2016-04-18,3727,2.4300000667572,2.4300000667572,0.0,0.0,0.0,2.4300000667572,0.0,0,0,206,622,1683,False,2.0,520.0,541.0,,,,65.3844028632425,53.0,91.0,1.2761111111111112,0.14305566666666666,206.0,Monday
5553957443,2016-04-19,15482,10.1099996566772,10.1099996566772,0.0,4.28000020980835,1.6599999666214,4.17999982833862,0.0,69,28,249,756,2284,False,1.0,357.0,410.0,,,,74.88753310631857,49.0,128.0,1.7316666666666667,0.3555555416666667,512.0,Tuesday
5553957443,2016-04-20,2713,1.76999998092651,1.76999998092651,0.0,0.0,0.0,1.76999998092651,0.0,0,0,148,598,1570,False,1.0,658.0,678.0,,,,60.040417526398834,48.0,84.0,1.1902777777777778,0.10277783333333333,148.0,Wednesday
5553957443,2016-04-21,12346,8.0600004196167,8.0600004196167,0.0,2.95000004768372,2.16000008583069,2.96000003814697,0.0,47,42,177,801,2066,False,1.0,399.0,431.0,,,,71.33225337951068,49.0,127.0,1.5665972222222222,0.2791666666666667,402.0,Thursday
5553957443,2016-04-22,11682,7.63000011444092,7.63000011444092,0.0,1.37999999523163,0.629999995231628,5.59999990463257,0.0,25,16,270,781,2105,False,1.0,322.0,353.0,,,,70.42847711267606,51.0,128.0,1.5954861111111112,0.2618055833333333,377.0,Friday
5553957443,2016-04-23,4112,2.69000005722046,2.69000005722046,0.0,0.0,0.0,2.6800000667572,0.0,0,0,272,443,1776,False,2.0,631.0,725.0,,,,67.07407854984895,52.0,94.0,1.3465972222222222,0.18888887499999998,272.0,Saturday
5553957443,2016-04-24,1807,1.17999994754791,1.17999994754791,0.0,0.0,0.0,1.17999994754791,0.0,0,0,104,582,1507,False,2.0,553.0,640.0,,,,63.97276314114802,50.0,92.0,1.1428472222222221,0.07222216666666667,104.0,Sunday
5553957443,2016-04-25,10946,7.19000005722046,7.19000005722046,0.0,2.9300000667572,0.569999992847443,3.69000005722046,0.0,51,11,201,732,2033,False,1.0,433.0,468.0,,,,72.04626295690126,52.0,132.0,1.5413194444444445,0.26111104166666665,376.0,Monday
5553957443,2016-04-26,11886,7.76000022888184,7.76000022888184,0.0,2.36999988555908,0.930000007152557,4.46000003814697,0.0,40,18,238,750,2093,False,1.0,412.0,453.0,,,,73.01322425193321,53.0,128.0,1.5874305555555555,0.273611125,394.0,Tuesday
5553957443,2016-04-27,10538,6.88000011444092,6.88000011444092,0.0,1.13999998569489,1.0,4.73999977111816,0.0,16,16,206,745,1922,False,1.0,347.0,391.0,,,,65.07076392877657,49.0,104.0,1.4572222222222222,0.19861116666666667,286.0,Wednesday
5553957443,2016-04-28,11393,7.63000011444092,7.63000011444092,0.0,3.71000003814697,0.75,3.17000007629395,0.0,49,13,165,727,1999,False,1.0,421.0,457.0,,,,71.07164801404433,51.0,149.0,1.515972222222222,0.23472225,338.0,Thursday
5553957443,2016-04-29,12764,8.32999992370605,8.32999992370605,0.0,2.78999996185303,0.639999985694885,4.90999984741211,0.0,46,15,270,709,2169,False,1.0,450.0,495.0,,,,73.07417008111047,50.0,156.0,1.6449305555555553,0.3041665416666667,438.0,Friday
5553957443,2016-04-30,1202,0.779999971389771,0.779999971389771,0.0,0.0,0.0,0.779999971389771,0.0,0,0,84,506,1463,False,2.0,775.0,843.0,,,,65.77999501122474,49.0,89.0,1.109375,0.05833333333333334,84.0,Saturday
5553957443,2016-05-01,5164,3.36999988555908,3.36999988555908,0.0,0.0,0.0,3.36999988555908,0.0,0,0,237,436,1747,False,2.0,622.0,686.0,,,,66.54344989561586,49.0,116.0,1.324652777777778,0.16458329166666666,237.0,Sunday
5553957443,2016-05-02,9769,6.38000011444092,6.38000011444092,0.0,1.05999994277954,0.409999996423721,4.90000009536743,0.0,23,9,227,724,1996,False,1.0,409.0,471.0,,,,72.59142652035689,50.0,125.0,1.519513888888889,0.21805554166666666,314.0,Monday
5553957443,2016-05-03,12848,8.39000034332275,8.39000034332275,0.0,1.5,1.20000004768372,5.67999982833862,0.0,26,29,247,812,2116,False,1.0,380.0,429.0,,,,69.95312333155366,50.0,134.0,1.6091666666666664,0.26597224999999997,383.0,Tuesday
5553957443,2016-05-04,4249,2.76999998092651,2.76999998092651,0.0,0.0,0.0,2.76999998092651,0.0,0,0,224,651,1698,False,1.0,447.0,470.0,,,,61.67218347322378,47.0,108.0,1.2925694444444444,0.15555558333333333,224.0,Wednesday
5553957443,2016-05-05,14331,9.51000022888184,9.51000022888184,0.0,3.4300000667572,1.6599999666214,4.42999982833862,0.0,44,29,241,692,2156,False,1.0,419.0,464.0,,,,69.4014172571905,49.0,165.0,1.6408333333333336,0.299305625,431.0,Thursday
5553957443,2016-05-06,9632,6.28999996185303,6.28999996185303,0.0,1.51999998092651,0.540000021457672,4.23000001907349,0.0,21,9,229,761,1916,False,1.0,400.0,434.0,,,,63.165196696066076,51.0,104.0,1.457986111111111,0.2152778333333333,310.0,Friday
5553957443,2016-05-07,1868,1.22000002861023,1.22000002861023,0.0,0.0,0.0,1.22000002861023,0.0,0,0,96,902,1494,False,1.0,442.0,470.0,,,,63.02644230769231,51.0,140.0,1.1372222222222221,0.06666670833333334,96.0,Saturday
5553957443,2016-05-08,6083,4.0,4.0,0.0,0.219999998807907,0.469999998807907,3.29999995231628,0.0,3,8,210,505,1762,False,1.0,568.0,608.0,,,,65.5694360947457,51.0,110.0,1.3413194444444445,0.16319445833333335,235.0,Sunday
5553957443,2016-05-09,11611,7.57999992370605,7.57999992370605,0.0,2.13000011444092,0.889999985694885,4.55999994277954,0.0,59,22,251,667,2272,False,1.0,453.0,494.0,,,,76.65612883984491,51.0,149.0,1.7294444444444443,0.3277778333333333,472.0,Monday
5553957443,2016-05-10,16358,10.710000038147,10.710000038147,0.0,3.86999988555908,1.61000001430511,5.19999980926514,0.0,61,40,265,707,2335,False,1.0,418.0,443.0,,,,76.83269438710312,53.0,133.0,1.7775694444444443,0.36666675,528.0,Tuesday
5553957443,2016-05-11,4926,3.22000002861023,3.22000002861023,0.0,0.0,0.0,3.22000002861023,0.0,0,0,195,628,1693,False,1.0,463.0,486.0,,,,65.40050890585242,54.0,103.0,1.2885416666666667,0.13541666666666666,195.0,Wednesday
5553957443,2016-05-12,3121,2.03999996185303,2.03999996185303,0.0,0.579999983310699,0.400000005960464,1.05999994277954,0.0,8,6,48,222,741,False,1.0,438.0,475.0,,,,64.19532265049806,54.0,107.0,1.3061666666666667,0.14000010000000002,84.0,Thursday
5577150313,2016-04-12,8135,6.07999992370605,6.07999992370605,0.0,3.59999990463257,0.379999995231628,2.09999990463257,0.0,86,16,140,728,3405,False,1.0,419.0,438.0,,,,65.65607369027059,41.0,154.0,1.8354861111111114,0.29861108333333336,430.0,Tuesday
5577150313,2016-04-13,5077,3.78999996185303,3.78999996185303,0.0,0.319999992847443,0.219999998807907,3.25,0.0,15,11,144,776,2551,False,1.0,432.0,458.0,,,,59.7035779576913,44.0,121.0,1.3754861111111112,0.14652775,211.0,Wednesday
5577150313,2016-04-14,8596,6.42000007629395,6.42000007629395,0.0,3.32999992370605,0.310000002384186,2.77999997138977,0.0,118,30,176,662,4022,False,1.0,477.0,497.0,,,,76.83571282888028,43.0,172.0,2.2086111111111113,0.40972220833333334,590.0,Thursday
5577150313,2016-04-15,12087,9.07999992370605,9.07999992370605,0.0,3.92000007629395,1.60000002384186,3.55999994277954,0.0,115,54,199,695,4005,False,1.0,392.0,413.0,,,,73.68219516499029,39.0,157.0,2.198611111111111,0.452777875,652.0,Friday
5577150313,2016-04-16,14269,10.6599998474121,10.6599998474121,0.0,6.6399998664856,1.27999997138977,2.73000001907349,0.0,184,56,158,472,4274,False,1.0,406.0,445.0,,,,69.84255028980566,43.0,136.0,2.3461805555555557,0.5708333333333334,822.0,Saturday
5577150313,2016-04-17,12231,9.14000034332275,9.14000034332275,0.0,5.98000001907349,0.829999983310699,2.3199999332428,0.0,200,37,159,525,4552,False,1.0,549.0,583.0,90.6999969482422,28.0,False,71.11754189944133,40.0,174.0,2.5016666666666665,0.5784722083333333,833.0,Sunday
5577150313,2016-04-18,9893,7.3899998664856,7.3899998664856,0.0,4.8600001335144,0.720000028610229,1.82000005245209,0.0,114,32,130,623,3625,False,1.0,527.0,553.0,,,,68.649090276973,41.0,165.0,1.9917361111111114,0.37222225000000003,536.0,Monday
5577150313,2016-04-19,12574,9.42000007629395,9.42000007629395,0.0,7.01999998092651,0.639999985694885,1.75999999046326,0.0,108,23,111,733,3501,False,1.0,449.0,465.0,,,,70.46025152878735,42.0,159.0,1.9241666666666668,0.33402770833333334,481.0,Tuesday
5577150313,2016-04-20,8330,6.21999979019165,6.21999979019165,0.0,4.11999988555908,0.340000003576279,1.75999999046326,0.0,87,16,113,773,3192,False,1.0,447.0,480.0,,,,69.17306809487376,45.0,135.0,1.754375,0.2819444583333333,406.0,Wednesday
5577150313,2016-04-21,10830,8.09000015258789,8.09000015258789,0.0,3.65000009536743,1.6599999666214,2.77999997138977,0.0,110,74,175,670,4018,False,1.0,414.0,437.0,,,,72.31130021769246,43.0,168.0,2.208333333333333,0.4534723333333333,653.0,Thursday
5577150313,2016-04-22,9172,6.84999990463257,6.84999990463257,0.0,2.42000007629395,0.790000021457672,3.29999995231628,0.0,62,30,200,823,3329,False,1.0,338.0,366.0,,,,64.64848702308336,43.0,132.0,1.8046527777777779,0.30972220833333336,446.0,Friday
5577150313,2016-04-23,7638,5.71000003814697,5.71000003814697,0.0,1.21000003814697,0.360000014305115,4.1399998664856,0.0,24,24,223,627,3152,False,1.0,384.0,402.0,,,,65.07899988261534,40.0,171.0,1.7317361111111111,0.23819441666666666,343.0,Saturday
5577150313,2016-04-24,15764,11.7799997329712,11.7799997329712,0.0,7.65000009536743,2.15000009536743,1.98000001907349,0.0,210,65,141,425,4392,False,1.0,543.0,615.0,,,,72.2686495562485,40.0,131.0,2.41375,0.625694375,901.0,Sunday
5577150313,2016-04-25,6393,4.78000020980835,4.78000020980835,0.0,1.35000002384186,0.670000016689301,2.75999999046326,0.0,61,38,214,743,3374,False,1.0,421.0,461.0,,,,67.54545454545455,43.0,125.0,1.8544444444444443,0.32847229166666664,473.0,Monday
5577150313,2016-04-26,5325,3.98000001907349,3.98000001907349,0.0,0.850000023841858,0.649999976158142,2.47000002861023,0.0,38,32,181,759,3088,False,1.0,354.0,377.0,,,,65.35988133272478,40.0,122.0,1.6974305555555556,0.24930549999999999,359.0,Tuesday
5577150313,2016-04-27,6805,5.1399998664856,5.1399998664856,0.0,1.80999994277954,0.400000005960464,2.9300000667572,0.0,63,16,190,773,3294,False,1.0,424.0,452.0,,,,66.42827775239836,42.0,130.0,1.8102777777777779,0.2854167083333334,411.0,Wednesday
5577150313,2016-04-28,9841,7.42999982833862,7.42999982833862,0.0,3.25,1.16999995708466,3.00999999046326,0.0,99,51,141,692,3580,False,1.0,361.0,372.0,,,,70.68770690796734,40.0,171.0,1.9676388888888887,0.3749999583333334,540.0,Thursday
5577150313,2016-04-29,7924,5.92000007629395,5.92000007629395,0.0,2.83999991416931,0.610000014305115,2.47000002861023,0.0,97,36,165,739,3544,False,1.0,459.0,485.0,,,,66.26641414141415,42.0,141.0,1.9480555555555554,0.36666662499999997,528.0,Friday
5577150313,2016-04-30,12363,9.23999977111816,9.23999977111816,0.0,5.82999992370605,0.790000021457672,2.60999989509583,0.0,207,45,163,621,4501,False,1.0,412.0,433.0,,,,71.55549407989378,41.0,138.0,2.4736805555555557,0.6069444583333333,874.0,Saturday
5577150313,2016-05-01,13368,9.98999977111816,9.98999977111816,0.0,5.30999994277954,1.44000005722046,3.24000000953674,0.0,194,72,178,499,4546,False,1.0,379.0,398.0,,,,73.70357503081924,44.0,140.0,2.4986805555555556,0.6277777916666666,904.0,Sunday
5577150313,2016-05-02,7439,5.55999994277954,5.55999994277954,0.0,1.12000000476837,0.349999994039536,4.07000017166138,0.0,37,20,235,732,3014,False,2.0,525.0,553.0,,,,64.60946601941748,43.0,128.0,1.6563194444444445,0.26805566666666664,386.0,Monday
5577150313,2016-05-03,11045,8.25,8.25,0.0,4.51999998092651,0.150000005960464,3.5699999332428,0.0,97,8,212,580,3795,False,1.0,508.0,543.0,,,,70.00069044879172,42.0,154.0,2.0856944444444445,0.3604167916666667,519.0,Tuesday
5577150313,2016-05-04,5206,3.89000010490417,3.89000010490417,0.0,1.55999994277954,0.25,2.07999992370605,0.0,25,9,141,631,2755,False,1.0,603.0,634.0,,,,62.24588163514338,36.0,143.0,1.5133333333333332,0.1625,234.0,Wednesday
5577150313,2016-05-05,7550,5.6399998664856,5.6399998664856,0.0,2.5,0.469999998807907,2.67000007629395,0.0,45,21,143,1153,3004,False,1.0,74.0,78.0,,,,72.21057965139846,50.0,141.0,1.6513194444444443,0.2222222083333333,320.0,Thursday
5577150313,2016-05-06,4950,3.70000004768372,3.70000004768372,0.0,1.92999994754791,0.319999992847443,1.45000004768372,0.0,41,16,79,1304,2643,False,,,,,,,70.48196015078084,48.0,134.0,1.4526388888888888,0.1625,234.0,Friday
5577150313,2016-05-07,0,0.0,0.0,0.0,0.0,0.0,0.0,0.0,0,0,0,1440,1819,True,,,,,,,,,,1.0,0.0,0.0,Saturday
5577150313,2016-05-08,0,0.0,0.0,0.0,0.0,0.0,0.0,0.0,0,0,0,1440,1819,True,,,,,,,,,,1.0,0.0,0.0,Sunday
5577150313,2016-05-09,3421,2.55999994277954,2.55999994277954,0.0,1.42999994754791,0.140000000596046,0.990000009536743,0.0,34,11,70,1099,2489,False,,,,,,,68.04024697004346,51.0,130.0,1.3679861111111111,0.13472220833333334,194.0,Monday
5577150313,2016-05-10,8869,6.65000009536743,6.65000009536743,0.0,2.55999994277954,0.75,3.34999990463257,0.0,104,37,194,639,3841,False,1.0,504.0,562.0,,,,75.29284883200573,42.0,172.0,2.1108333333333333,0.402777875,580.0,Tuesday
5577150313,2016-05-11,4038,3.03999996185303,3.03999996185303,0.0,1.83000004291534,0.300000011920929,0.889999985694885,0.0,45,15,63,257,1665,False,1.0,431.0,476.0,,,,67.04067948144836,45.0,173.0,1.8130555555555556,0.3138889166666667,226.0,Wednesday
6117666160,2016-04-12,0,0.0,0.0,0.0,0.0,0.0,0.0,0.0,0,0,0,1440,1496,True,,,,,,,,,,1.0,0.0,0.0,Tuesday
6117666160,2016-04-13,0,0.0,0.0,0.0,0.0,0.0,0.0,0.0,0,0,0,1440,1496,True,,,,,,,,,,1.0,0.0,0.0,Wednesday
6117666160,2016-04-14,0,0.0,0.0,0.0,0.0,0.0,0.0,0.0,0,0,0,1440,1496,True,,,,,,,,,,1.0,0.0,0.0,Thursday
6117666160,2016-04-15,14019,10.5900001525879,10.5900001525879,0.0,0.0,0.280000001192093,10.3000001907349,0.0,0,6,513,921,2865,False,,,,,,,97.94359728091126,57.0,137.0,1.9144444444444446,0.36458337500000004,525.0,Friday
6117666160,2016-04-16,14450,10.9099998474121,10.9099998474121,0.0,0.579999983310699,0.850000023841858,9.47999954223633,0.0,7,15,518,502,2828,False,1.0,380.0,398.0,,,,87.02745664739885,54.0,155.0,1.8899305555555557,0.395138875,569.0,Saturday
6117666160,2016-04-17,7150,5.40000009536743,5.40000009536743,0.0,0.0,0.0,5.40000009536743,0.0,0,0,312,702,2225,False,2.0,336.0,350.0,,,,85.35302197802197,59.0,130.0,1.4872222222222222,0.21666675,312.0,Sunday
6117666160,2016-04-18,5153,3.91000008583069,3.91000008583069,0.0,0.0,0.0,3.89000010490417,0.0,0,0,241,759,2018,False,2.0,493.0,510.0,,,,82.91442424242425,61.0,116.0,1.3490277777777777,0.16736116666666667,241.0,Monday
6117666160,2016-04-19,11135,8.40999984741211,8.40999984741211,0.0,0.0,0.0,8.40999984741211,0.0,0,0,480,425,2606,False,1.0,465.0,492.0,,,,83.5081252044934,53.0,124.0,1.7417361111111114,0.33333324999999997,480.0,Tuesday
6117666160,2016-04-20,10449,8.02000045776367,8.02000045776367,0.0,2.02999997138977,0.479999989271164,5.51999998092651,0.0,26,10,349,587,2536,False,1.0,474.0,502.0,,,,85.50435634937922,52.0,181.0,1.6946527777777778,0.3104167083333333,447.0,Wednesday
6117666160,2016-04-21,19542,15.0100002288818,15.0100002288818,0.0,0.980000019073486,0.400000005960464,5.61999988555908,0.0,11,19,294,579,4900,False,1.0,508.0,550.0,,,,79.40156418554477,52.0,154.0,1.5813888888888887,0.25347225,365.0,Thursday
6117666160,2016-04-22,8206,6.19999980926514,6.19999980926514,0.0,0.0,0.0,6.19999980926514,0.0,0,0,402,413,2409,False,1.0,480.0,546.0,,,,81.7020639147803,53.0,139.0,1.6101388888888888,0.2791666666666667,402.0,Friday
6117666160,2016-04-23,11495,8.68000030517578,8.68000030517578,0.0,0.0,0.0,8.68000030517578,0.0,0,0,512,468,2651,False,1.0,492.0,539.0,,,,81.79523809523809,54.0,121.0,1.7709722222222222,0.3555555833333333,512.0,Saturday
6117666160,2016-04-24,7623,5.76000022888184,5.76000022888184,0.0,0.0,0.0,5.76000022888184,0.0,0,0,362,711,2305,False,1.0,353.0,367.0,,,,84.20596510973552,55.0,129.0,1.5402777777777779,0.2513889166666667,362.0,Sunday
6117666160,2016-04-25,0,0.0,0.0,0.0,0.0,0.0,0.0,0.0,0,0,0,1440,1497,True,,,,,,,,,,1.0,0.0,0.0,Monday
6117666160,2016-04-26,9543,7.21000003814697,7.21000003814697,0.0,0.0,0.340000003576279,6.86999988555908,0.0,0,7,352,1077,2450,False,,,,,,,90.57266164469554,60.0,136.0,1.6372222222222224,0.2541667083333333,366.0,Tuesday
6117666160,2016-04-27,9411,7.1100001335144,7.1100001335144,0.0,0.0,0.0,7.1100001335144,0.0,0,0,458,417,2576,False,1.0,542.0,557.0,,,,83.14904055822068,52.0,126.0,1.7218055555555556,0.31805554166666666,458.0,Wednesday
6117666160,2016-04-28,3403,2.59999990463257,2.59999990463257,0.0,0.0,0.0,2.59999990463257,0.0,0,0,141,758,1879,False,1.0,393.0,416.0,,,,80.09522625559423,54.0,145.0,1.2560416666666667,0.09791670833333332,141.0,Thursday
6117666160,2016-04-29,9592,7.23999977111816,7.23999977111816,0.0,0.0,0.0,7.23999977111816,0.0,0,0,461,479,2560,False,1.0,600.0,636.0,,,,82.1624183006536,55.0,121.0,1.710763888888889,0.32013879166666664,461.0,Friday
6117666160,2016-04-30,6987,5.28000020980835,5.28000020980835,0.0,0.0,0.0,5.28000020980835,0.0,0,0,343,1040,2275,False,,,,,,,85.34524019004047,53.0,189.0,1.5205555555555557,0.23819445833333333,343.0,Saturday
6117666160,2016-05-01,8915,6.73000001907349,6.73000001907349,0.0,0.0,0.0,6.73000001907349,0.0,0,0,397,525,2361,False,1.0,507.0,575.0,,,,77.43914274160939,55.0,114.0,1.5776388888888888,0.27569445833333334,397.0,Sunday
6117666160,2016-05-02,4933,3.73000001907349,3.73000001907349,0.0,0.0,0.0,3.73000001907349,0.0,0,0,236,1204,2044,False,,,,,,,91.67101621194148,61.0,123.0,1.3645138888888888,0.16319441666666665,235.0,Monday
6117666160,2016-05-03,0,0.0,0.0,0.0,0.0,0.0,0.0,0.0,0,0,0,1440,1496,True,,,,,,,,,,1.0,0.0,0.0,Tuesday
6117666160,2016-05-04,2997,2.25999999046326,2.25999999046326,0.0,0.0,0.0,2.25999999046326,0.0,0,0,156,1279,1902,False,,,,,,,92.89779735682819,62.0,124.0,1.2709027777777777,0.10833337500000001,156.0,Wednesday
6117666160,2016-05-05,9799,7.40000009536743,7.40000009536743,0.0,0.0,0.0,7.40000009536743,0.0,0,0,487,479,2636,False,1.0,392.0,415.0,,,,84.71879315839796,52.0,120.0,1.7617361111111112,0.33819441666666666,487.0,Thursday
6117666160,2016-05-06,3365,2.6800000667572,2.6800000667572,0.0,0.0,0.0,2.6800000667572,0.0,0,0,133,673,1838,False,2.0,658.0,698.0,,,,76.57278208441,54.0,126.0,1.2275,0.09236108333333333,133.0,Friday
6117666160,2016-05-07,7336,5.53999996185303,5.53999996185303,0.0,0.0,0.0,5.53999996185303,0.0,0,0,412,456,2469,False,2.0,498.0,507.0,,,,83.87947810703228,54.0,126.0,1.649861111111111,0.28611116666666664,412.0,Saturday
6117666160,2016-05-08,7328,5.53000020980835,5.53000020980835,0.0,0.0,0.0,5.53000020980835,0.0,0,0,318,517,2250,False,1.0,555.0,603.0,,,,81.14073912569498,52.0,118.0,1.5039583333333333,0.220833375,318.0,Sunday
6117666160,2016-05-09,4477,3.38000011444092,3.38000011444092,0.0,0.0,0.0,3.38000011444092,0.0,0,0,197,125,1248,False,1.0,492.0,522.0,,,,76.46606060606061,52.0,113.0,1.4505555555555556,0.2152778333333333,155.0,Monday
6290855005,2016-04-12,4562,3.45000004768372,3.45000004768372,0.0,0.0,0.0,3.45000004768372,0.0,0,0,199,1241,2560,False,,,,,,,,,,1.242361111111111,0.13819445833333333,199.0,Tuesday
6290855005,2016-04-13,7142,5.40000009536743,5.40000009536743,0.0,0.0,0.0,5.3899998664856,0.0099999997764825,0,0,350,1090,2905,False,,,,,,,,,,1.4098611111111112,0.24305554166666665,350.0,Wednesday
6290855005,2016-04-14,7671,5.80000019073486,5.80000019073486,0.0,0.0,0.0,5.76999998092651,0.0299999993294477,0,0,363,1077,2952,False,,,,,,,,,,1.4327777777777777,0.25208329166666665,363.0,Thursday
6290855005,2016-04-15,9501,7.17999982833862,7.17999982833862,0.0,0.0,0.0,7.17000007629395,0.0099999997764825,0,0,328,1112,2896,False,,,,,,,,,,1.4055555555555554,0.22777779166666667,328.0,Friday
6290855005,2016-04-16,8301,6.28000020980835,6.28000020980835,0.0,0.0,0.0,6.26999998092651,0.0099999997764825,0,0,258,1182,2783,False,,,,,,,,,,1.3509722222222222,0.179166625,258.0,Saturday
6290855005,2016-04-17,7851,5.94000005722046,5.94000005722046,0.0,1.13999998569489,0.790000021457672,4.0,0.0,31,12,225,1172,3171,False,,,,,,,,,,1.5391666666666668,0.23750000000000002,342.0,Sunday
6290855005,2016-04-18,6885,5.21000003814697,5.21000003814697,0.0,0.0,0.0,5.19000005722046,0.0199999995529652,0,0,271,1169,2766,False,,,,,,,,,,1.3425,0.18819445833333334,271.0,Monday
6290855005,2016-04-19,7142,5.40000009536743,5.40000009536743,0.0,0.0,0.0,5.3899998664856,0.0099999997764825,0,0,321,1119,2839,False,,,,,,,,,,1.3779166666666667,0.222916625,321.0,Tuesday
6290855005,2016-04-20,6361,4.80999994277954,4.80999994277954,0.0,0.0,0.0,4.80000019073486,0.0099999997764825,0,0,258,1182,2701,False,,,,,,,,,,1.3108333333333333,0.17916666666666667,258.0,Wednesday
6290855005,2016-04-21,0,0.0,0.0,0.0,0.0,0.0,0.0,0.0,0,0,0,1440,2060,True,,,,,,,,,,1.0,0.0,0.0,Thursday
6290855005,2016-04-22,6238,4.71999979019165,4.71999979019165,0.0,0.0,0.0,4.71999979019165,0.0,0,0,302,1138,2796,False,,,,,,,,,,1.3569444444444445,0.20972225,302.0,Friday
6290855005,2016-04-23,0,0.0,0.0,0.0,0.0,0.0,0.0,0.0,33,0,0,1407,2664,False,,,,,,,,,,1.2933333333333334,0.06874999999999999,99.0,Saturday
6290855005,2016-04-24,5896,4.46000003814697,4.46000003814697,0.0,0.0,0.0,4.46000003814697,0.0,0,0,258,1182,2703,False,,,,,,,,,,1.3120833333333333,0.17916658333333335,258.0,Sunday
6290855005,2016-04-25,7802,5.90000009536743,5.90000009536743,0.0,0.680000007152557,0.180000007152557,5.03000020980835,0.0099999997764825,8,3,249,1180,2771,False,,,,,,,,,,1.345,0.19374995833333333,279.0,Monday
6290855005,2016-04-26,0,0.0,0.0,0.0,0.0,0.0,0.0,0.0,0,0,0,1440,2060,True,,,,,,,,,,1.0,0.0,0.0,Tuesday
6290855005,2016-04-27,5565,4.21000003814697,4.21000003814697,0.0,0.0,0.0,4.17999982833862,0.0299999993294477,0,0,287,1153,2743,False,,,,,,,,,,1.3313888888888887,0.1993055,287.0,Wednesday
6290855005,2016-04-28,5731,4.32999992370605,4.32999992370605,0.0,0.0,0.0,4.32999992370605,0.0,0,0,255,1185,2687,False,,,,,,,,,,1.3041666666666667,0.17708325,255.0,Thursday
6290855005,2016-04-29,0,0.0,0.0,0.0,0.0,0.0,0.0,0.0,0,0,0,1440,2060,True,,,,,,,,,,1.0,0.0,0.0,Friday
6290855005,2016-04-30,6744,5.09999990463257,5.09999990463257,0.0,0.0,0.0,5.09000015258789,0.0099999997764825,0,0,324,1116,2843,False,,,,,,,,,,1.3800000000000001,0.225,324.0,Saturday
6290855005,2016-05-01,9837,7.44000005722046,7.44000005722046,0.0,0.660000026226044,2.75,4.0,0.0199999995529652,8,95,282,1055,3327,False,,,,,,,,,,1.6165277777777778,0.3444444583333333,496.0,Sunday
6290855005,2016-05-02,6781,5.13000011444092,5.13000011444092,0.0,0.0,0.0,5.1100001335144,0.0199999995529652,0,0,268,1172,2725,False,,,,,,,,,,1.3225,0.18611108333333334,268.0,Monday
6290855005,2016-05-03,6047,4.57000017166138,4.57000017166138,0.0,0.0,0.0,4.57000017166138,0.0,0,0,240,1200,2671,False,,,,,,,,,,1.2963888888888888,0.16666666666666666,240.0,Tuesday
6290855005,2016-05-04,5832,4.40999984741211,4.40999984741211,0.0,0.0,0.0,4.40000009536743,0.0099999997764825,0,0,272,1168,2718,False,,,,,,,,,,1.3193055555555557,0.18888895833333333,272.0,Wednesday
6290855005,2016-05-05,6339,4.78999996185303,4.78999996185303,0.0,0.0,0.0,4.78999996185303,0.0,0,0,239,1201,2682,False,,,,,,,,,,1.3019444444444443,0.16597216666666667,239.0,Thursday
6290855005,2016-05-06,6116,4.61999988555908,4.61999988555908,0.0,0.0,0.0,4.59000015258789,0.0299999993294477,0,0,305,1135,2806,False,,,,,,,,,,1.3620833333333333,0.2118055,305.0,Friday
6290855005,2016-05-07,5510,4.17000007629395,4.17000007629395,0.0,0.0,0.0,4.15999984741211,0.0,0,0,227,1213,2613,False,,,,,,,,,,1.2683333333333333,0.15763891666666666,227.0,Saturday
6290855005,2016-05-08,7706,5.82999992370605,5.82999992370605,0.0,0.0,0.0,5.82000017166138,0.0,0,0,251,1189,2712,False,,,,,,,,,,1.31625,0.1743055,251.0,Sunday
6290855005,2016-05-09,6277,4.75,4.75,0.0,0.0,0.0,4.73000001907349,0.0199999995529652,0,0,264,800,2175,False,,,,,,,,,,1.4349019607843139,0.25196076470588236,257.0,Monday
6290855005,2016-05-10,0,0.0,0.0,0.0,0.0,0.0,0.0,0.0,0,0,0,1440,0,True,,,,,,,,,,,,,Tuesday
6775888955,2016-04-12,0,0.0,0.0,0.0,0.0,0.0,0.0,0.0,0,0,0,1440,1841,True,,,,,,,,,,1.0,0.0,0.0,Tuesday
6775888955,2016-04-13,4053,2.91000008583069,2.91000008583069,0.0,1.11000001430511,0.579999983310699,1.22000002861023,0.0,17,18,85,1053,2400,False,1.0,235.0,260.0,,,,82.71974376572867,55.0,135.0,1.3040277777777778,0.11944441666666666,172.0,Wednesday
6775888955,2016-04-14,5162,3.70000004768372,3.70000004768372,0.0,0.870000004768372,0.860000014305115,1.97000002861023,0.0,14,24,105,863,2507,False,1.0,423.0,441.0,,,,79.26807673389081,57.0,134.0,1.3620138888888889,0.13541670833333333,195.0,Thursday
6775888955,2016-04-15,1282,0.920000016689301,0.920000016689301,0.0,0.0,0.0,0.920000016689301,0.0,0,0,58,976,2127,False,1.0,391.0,406.0,,,,80.59450072358901,62.0,126.0,1.1558333333333333,0.04027783333333334,58.0,Friday
6775888955,2016-04-16,4732,3.39000010490417,3.39000010490417,0.0,2.51999998092651,0.810000002384186,0.0599999986588955,0.0,36,18,9,1377,2225,False,,,,,,,108.616298811545,70.0,143.0,1.208611111111111,0.10625,153.0,Saturday
6775888955,2016-04-17,2497,1.78999996185303,1.78999996185303,0.0,0.349999994039536,1.12999999523163,0.310000002384186,0.0,5,24,19,1392,2067,False,,,,,,,102.36886993603412,70.0,118.0,1.1228472222222223,0.056944416666666664,82.0,Sunday
6775888955,2016-04-18,8294,5.94999980926514,5.94999980926514,0.0,2.0,0.769999980926514,3.17000007629395,0.0,30,31,146,1233,2798,False,,,,,,,97.71949784229109,66.0,177.0,1.5199305555555556,0.2069445,298.0,Monday
6775888955,2016-04-19,0,0.0,0.0,0.0,0.0,0.0,0.0,0.0,0,0,0,1440,1841,True,,,,,,,99.46153846153847,66.0,177.0,1.0,0.0,0.0,Tuesday
6775888955,2016-04-20,10771,7.71999979019165,7.71999979019165,0.0,3.76999998092651,1.74000000953674,2.22000002861023,0.0,70,113,178,1079,3727,False,,,,,,,105.63590795169742,70.0,155.0,2.024583333333333,0.4263889166666666,614.0,Wednesday
6775888955,2016-04-21,0,0.0,0.0,0.0,0.0,0.0,0.0,0.0,0,0,0,1440,1841,True,,,,,,,,,,1.0,0.0,0.0,Thursday
6775888955,2016-04-22,637,0.46000000834465,0.46000000834465,0.0,0.0,0.0,0.46000000834465,0.0,0,0,20,1420,1922,False,,,,,,,90.88823529411765,66.0,123.0,1.044375,0.013888875,20.0,Friday
6775888955,2016-04-23,0,0.0,0.0,0.0,0.0,0.0,0.0,0.0,0,0,0,1440,1841,True,,,,,,,,,,1.0,0.0,0.0,Saturday
6775888955,2016-04-24,2153,1.53999996185303,1.53999996185303,0.0,0.769999980926514,0.620000004768372,0.150000005960464,0.0,11,18,11,1400,2053,False,,,,,,,109.78962536023054,70.0,140.0,1.1152777777777778,0.05555554166666667,80.0,Sunday
6775888955,2016-04-25,6474,4.6399998664856,4.6399998664856,0.0,2.26999998092651,0.46000000834465,1.89999997615814,0.0,33,13,92,1302,2484,False,,,,,,,94.66481994459834,58.0,131.0,1.3484027777777778,0.15069441666666666,217.0,Monday
6775888955,2016-04-26,7091,5.26999998092651,5.26999998092651,1.95959603786469,3.48000001907349,0.870000004768372,0.730000019073486,0.0,42,30,47,1321,2584,False,,,,,,,99.66020593579648,56.0,143.0,1.4039583333333332,0.16180562499999998,233.0,Tuesday
6775888955,2016-04-27,0,0.0,0.0,0.0,0.0,0.0,0.0,0.0,0,0,0,1440,1841,True,,,,,,,,,,1.0,0.0,0.0,Wednesday
6775888955,2016-04-28,703,0.5,0.5,0.0,0.0599999986588955,0.200000002980232,0.239999994635582,0.0,2,13,15,1410,1993,False,,,,,,,104.70873786407768,70.0,134.0,1.0825694444444445,0.032638875,47.0,Thursday
6775888955,2016-04-29,0,0.0,0.0,0.0,0.0,0.0,0.0,0.0,0,0,0,1440,1841,True,,,,,,,81.78947368421052,70.0,109.0,1.0004166666666667,0.0,0.0,Friday
6775888955,2016-04-30,2503,1.78999996185303,1.78999996185303,0.0,0.159999996423721,0.159999996423721,1.48000001907349,0.0,3,9,84,1344,2280,False,,,,,,,96.10215350635008,68.0,125.0,1.238611111111111,0.07708333333333334,111.0,Saturday
6775888955,2016-05-01,2487,1.77999997138977,1.77999997138977,0.0,0.479999989271164,0.620000004768372,0.680000007152557,0.0,9,34,50,1347,2319,False,,,,,,,107.13917050691244,70.0,129.0,1.2599305555555556,0.10069441666666668,145.0,Sunday
6775888955,2016-05-02,0,0.0,0.0,0.0,0.0,0.0,0.0,0.0,0,0,0,1440,1841,True,,,,,,,,,,1.0000694444444445,0.0,0.0,Monday
6775888955,2016-05-03,9,0.0099999997764825,0.0099999997764825,0.0,0.0,0.0,0.0099999997764825,0.0,0,0,1,1439,1843,False,,,,,,,,,,1.00125,0.0006944583333333334,1.0,Tuesday
6775888955,2016-05-04,0,0.0,0.0,0.0,0.0,0.0,0.0,0.0,0,0,0,1440,1841,True,,,,,,,,,,1.0,0.0,0.0,Wednesday
6775888955,2016-05-05,0,0.0,0.0,0.0,0.0,0.0,0.0,0.0,0,0,0,1440,1841,True,,,,,,,,,,1.0,0.0,0.0,Thursday
6775888955,2016-05-06,4697,3.36999988555908,3.36999988555908,0.0,0.469999998807907,0.930000007152557,1.92999994754791,0.0,12,35,75,1318,2496,False,,,,,,,98.85751072961374,71.0,135.0,1.355902777777778,0.12569445833333334,181.0,Friday
6775888955,2016-05-07,1967,1.4099999666214,1.4099999666214,0.0,0.129999995231628,0.239999994635582,1.04999995231628,0.0,2,5,49,551,1032,False,,,,,,,94.22182786157941,70.0,118.0,1.3185,0.1016667,61.0,Saturday
6962181067,2016-04-12,10199,6.73999977111816,6.73999977111816,0.0,3.40000009536743,0.829999983310699,2.50999999046326,0.0,50,14,189,796,1994,False,1.0,366.0,387.0,62.5,24.3899993896484,True,85.03632013919095,47.0,176.0,1.5322916666666666,0.2548610416666667,367.0,Tuesday
6962181067,2016-04-13,5652,3.74000000953674,3.74000000953674,0.0,0.569999992847443,1.21000003814697,1.96000003814697,0.0,8,24,142,548,1718,False,3.0,630.0,679.0,62.0999984741211,24.2399997711182,True,80.51959835470602,59.0,149.0,1.3238194444444444,0.14861108333333334,214.0,Wednesday
6962181067,2016-04-14,1551,1.02999997138977,1.02999997138977,0.0,0.0,0.0,1.02999997138977,0.0,0,0,86,862,1466,False,2.0,508.0,535.0,61.7000007629395,24.1000003814697,True,70.12622079367041,55.0,131.0,1.1328472222222223,0.059722250000000004,86.0,Thursday
6962181067,2016-04-15,5563,3.6800000667572,3.6800000667572,0.0,0.0,0.0,3.6800000667572,0.0,0,0,217,837,1756,False,1.0,370.0,386.0,61.5,24.0,True,72.99198084979055,54.0,115.0,1.3598611111111112,0.15069445833333334,217.0,Friday
6962181067,2016-04-16,13217,8.73999977111816,8.73999977111816,0.0,3.66000008583069,0.189999997615814,4.88000011444092,0.0,50,3,280,741,2173,False,1.0,357.0,366.0,62.0,24.2099990844727,True,82.04018218623482,55.0,142.0,1.674861111111111,0.30277783333333336,436.0,Saturday
6962181067,2016-04-17,10145,6.71000003814697,6.71000003814697,0.0,0.330000013113022,0.680000007152557,5.69000005722046,0.0,5,13,295,634,2027,False,1.0,427.0,446.0,61.4000015258789,23.9599990844727,True,76.66448880822746,58.0,139.0,1.5709027777777778,0.23333337499999998,336.0,Sunday
6962181067,2016-04-18,11404,7.53999996185303,7.53999996185303,0.0,0.829999983310699,2.39000010490417,4.32000017166138,0.0,13,42,238,689,2039,False,1.0,442.0,458.0,61.2000007629395,23.8899993896484,True,76.9169910837624,55.0,134.0,1.5825,0.2506945,361.0,Monday
6962181067,2016-04-19,10742,7.09999990463257,7.09999990463257,0.0,2.09999990463257,2.13000011444092,2.86999988555908,0.0,35,41,195,659,2046,False,1.0,476.0,535.0,61.4000015258789,23.9599990844727,True,77.42858801672085,58.0,135.0,1.5854166666666667,0.26527775,382.0,Tuesday
6962181067,2016-04-20,13928,9.55000019073486,9.55000019073486,0.0,4.28000020980835,0.189999997615814,5.09000015258789,0.0,48,4,297,639,2174,False,1.0,418.0,424.0,61.7000007629395,24.1000003814697,True,74.90601080594327,50.0,137.0,1.6797916666666666,0.3118055416666667,449.0,Wednesday
6962181067,2016-04-21,11835,9.71000003814697,7.88000011444092,4.08169221878052,3.99000000953674,2.09999990463257,3.50999999046326,0.109999999403954,53,27,214,708,2179,False,1.0,451.0,457.0,61.4000015258789,23.9599990844727,True,83.47130206625123,49.0,173.0,1.6885416666666668,0.29652779166666665,427.0,Thursday
6962181067,2016-04-22,10725,7.09000015258789,7.09000015258789,0.0,1.76999998092651,1.54999995231628,3.76999998092651,0.0,30,33,240,659,2086,False,1.0,425.0,435.0,61.4000015258789,23.9599990844727,True,79.11627137341424,55.0,169.0,1.6167361111111114,0.2749999583333333,396.0,Friday
6962181067,2016-04-23,20031,13.2399997711182,13.2399997711182,0.0,4.19999980926514,2.0,7.03999996185303,0.0,58,41,347,484,2571,False,1.0,528.0,546.0,61.5,24.0,True,84.64590097402598,52.0,152.0,1.990763888888889,0.41874995833333334,603.0,Saturday
6962181067,2016-04-24,5029,3.3199999332428,3.3199999332428,0.0,0.0,0.0,3.3199999332428,0.0,0,0,199,720,1705,False,1.0,511.0,514.0,61.5,24.0,True,68.82344093486059,49.0,114.0,1.320486111111111,0.138194375,199.0,Sunday
6962181067,2016-04-25,13239,9.27000045776367,9.07999992370605,2.78517508506775,3.01999998092651,1.67999994754791,4.46000003814697,0.100000001490116,35,31,282,637,2194,False,1.0,400.0,415.0,61.7000007629395,24.1000003814697,True,73.98988232706478,51.0,142.0,1.6952777777777779,0.31180558333333336,449.0,Monday
6962181067,2016-04-26,10433,6.90000009536743,6.90000009536743,0.0,2.57999992370605,0.419999986886978,3.90000009536743,0.0,36,7,254,680,2012,False,1.0,441.0,446.0,,,,77.07536166872266,51.0,140.0,1.5580555555555555,0.261111125,376.0,Tuesday
6962181067,2016-04-27,10320,6.82000017166138,6.82000017166138,0.0,0.550000011920929,2.01999998092651,4.25,0.0,7,38,279,697,2034,False,1.0,455.0,467.0,61.2000007629395,23.8899993896484,True,72.99697498545666,53.0,142.0,1.578125,0.261111125,376.0,Wednesday
6962181067,2016-04-28,12627,8.35000038146973,8.35000038146973,0.0,2.50999999046326,0.239999994635582,5.59000015258789,0.0,38,8,288,621,2182,False,1.0,440.0,453.0,61.2000007629395,23.8899993896484,True,82.0752688172043,54.0,174.0,1.693611111111111,0.29027783333333335,418.0,Thursday
6962181067,2016-04-29,10762,7.1100001335144,7.1100001335144,0.0,0.819999992847443,0.479999989271164,5.80999994277954,0.0,12,15,369,645,2254,False,1.0,433.0,447.0,61.4000015258789,23.9599990844727,True,80.9635204922536,56.0,141.0,1.7459027777777778,0.3020832916666667,435.0,Friday
6962181067,2016-04-30,10081,6.65999984741211,6.65999984741211,0.0,2.24000000953674,0.759999990463257,3.67000007629395,0.0,32,16,237,731,2002,False,1.0,422.0,424.0,61.0,23.8199996948242,True,80.1626647834275,53.0,141.0,1.5554166666666667,0.25347233333333336,365.0,Saturday
6962181067,2016-05-01,5454,3.60999989509583,3.60999989509583,0.0,0.0,0.0,3.60999989509583,0.0,0,0,215,722,1740,False,1.0,411.0,426.0,61.7000007629395,24.1000003814697,True,73.29039031620553,56.0,127.0,1.3447916666666666,0.14930558333333332,215.0,Sunday
6962181067,2016-05-02,12912,8.53999996185303,8.53999996185303,0.0,1.20000004768372,2.0,5.34000015258789,0.0,18,39,313,655,2162,False,1.0,466.0,482.0,61.5,24.0,True,79.67409119562933,56.0,140.0,1.6738888888888888,0.30902783333333333,445.0,Monday
6962181067,2016-05-03,12109,8.11999988555908,8.11999988555908,0.0,1.74000000953674,2.03999996185303,4.32999992370605,0.0,21,36,267,654,2072,False,1.0,394.0,418.0,61.0,23.8199996948242,True,75.40436222450612,53.0,157.0,1.6096527777777776,0.27916658333333333,402.0,Tuesday
6962181067,2016-05-04,10147,6.71000003814697,6.71000003814697,0.0,0.469999998807907,1.67999994754791,4.55000019073486,0.0,15,36,284,683,2086,False,1.0,442.0,455.0,61.0999984741211,23.8500003814697,True,79.47459105779717,55.0,174.0,1.6196527777777778,0.2784722916666667,401.0,Wednesday
6962181067,2016-05-05,10524,6.96000003814697,6.96000003814697,0.0,0.990000009536743,1.1599999666214,4.80999994277954,0.0,14,22,305,591,2066,False,1.0,467.0,491.0,61.2999992370605,23.9300003051758,True,76.64476227290298,54.0,128.0,1.6020138888888886,0.27152787500000003,391.0,Thursday
6962181067,2016-05-06,5908,3.91000008583069,3.91000008583069,0.0,0.0,0.0,3.91000008583069,0.0,0,0,299,717,1850,False,1.0,443.0,462.0,61.5,24.0,True,72.33436738311545,52.0,114.0,1.432638888888889,0.20763900000000002,299.0,Friday
6962181067,2016-05-07,6815,4.5,4.5,0.0,0.0,0.0,4.5,0.0,0,0,328,745,1947,False,1.0,298.0,334.0,61.2000007629395,23.8899993896484,True,76.97600374575676,57.0,125.0,1.5105555555555557,0.22777775,328.0,Saturday
6962181067,2016-05-08,4188,2.76999998092651,2.76999998092651,0.0,0.0,0.519999980926514,2.25,0.0,0,14,151,709,1659,False,1.0,541.0,569.0,61.2000007629395,23.8899993896484,True,74.99709744298549,54.0,116.0,1.2875694444444445,0.12430562499999999,179.0,Sunday
6962181067,2016-05-09,12342,8.72000026702881,8.68000030517578,3.16782188415527,3.90000009536743,1.17999994754791,3.65000009536743,0.0,43,21,231,607,2105,False,1.0,489.0,497.0,62.4000015258789,24.3500003814697,True,77.01762783095961,56.0,181.0,1.6185416666666665,0.279166625,402.0,Monday
6962181067,2016-05-10,15448,10.210000038147,10.210000038147,0.0,3.47000002861023,1.75,4.98999977111816,0.0,62,34,275,626,2361,False,1.0,469.0,481.0,62.0999984741211,24.2399997711182,True,83.32208250606662,57.0,184.0,1.8191666666666666,0.367361125,529.0,Tuesday
6962181067,2016-05-11,6722,4.44000005722046,4.44000005722046,0.0,1.49000000953674,0.310000002384186,2.65000009536743,0.0,24,7,199,709,1855,False,1.0,452.0,480.0,61.9000015258789,24.1700000762939,True,79.25104235242485,53.0,145.0,1.4314583333333333,0.19791662499999998,285.0,Wednesday
6962181067,2016-05-12,3587,2.36999988555908,2.36999988555908,0.0,0.0,0.25,2.10999989509583,0.0,0,8,105,127,928,False,1.0,516.0,535.0,61.9000015258789,24.1700000762939,True,75.71574096531651,60.0,117.0,1.4302777777777778,0.1680555,121.0,Thursday
7007744171,2016-04-12,14172,10.289999961853,9.47999954223633,4.8697829246521,4.5,0.379999995231628,5.40999984741211,0.0,53,8,355,1024,2937,False,,,,,,,96.42644387940429,70.0,151.0,1.8868749999999999,0.36805554166666665,530.0,Tuesday
7007744171,2016-04-13,12862,9.64999961853027,8.60000038146973,4.8513069152832,4.6100001335144,0.560000002384186,4.48000001907349,0.0,56,22,261,1101,2742,False,,,,,,,93.00640161725067,70.0,144.0,1.7617361111111112,0.32847220833333335,473.0,Wednesday
7007744171,2016-04-14,11179,8.23999977111816,7.48000001907349,3.28541493415833,2.95000004768372,0.340000003576279,4.96000003814697,0.0,34,6,304,1096,2668,False,,,,,,,92.3463724506854,54.0,132.0,1.714027777777778,0.2902777916666667,418.0,Thursday
7007744171,2016-04-15,5273,3.52999997138977,3.52999997138977,0.0,0.0,0.0,3.52999997138977,0.0,0,0,202,1238,2098,False,,,,,,,84.83902094610497,60.0,128.0,1.3478472222222222,0.14027783333333335,202.0,Friday
7007744171,2016-04-16,4631,3.09999990463257,3.09999990463257,0.0,0.0,0.0,3.09999990463257,0.0,0,0,203,1155,2076,False,1.0,79.0,82.0,,,,79.95248226950355,61.0,129.0,1.3335416666666666,0.14097216666666668,203.0,Saturday
7007744171,2016-04-17,8059,5.3899998664856,5.3899998664856,0.0,0.0,0.0,5.3899998664856,0.0,0,0,305,1135,2383,False,,,,,,,85.97764946917489,63.0,127.0,1.530902777777778,0.211805625,305.0,Sunday
7007744171,2016-04-18,14816,10.9799995422363,9.90999984741211,4.93055009841919,3.78999996185303,2.11999988555908,5.05000019073486,0.0199999995529652,48,31,284,1077,2832,False,,,,,,,93.21345934495682,65.0,139.0,1.819236111111111,0.34027783333333333,490.0,Monday
7007744171,2016-04-19,14194,10.4799995422363,9.5,4.94214200973511,4.40999984741211,0.759999990463257,5.30999994277954,0.0,53,17,304,1066,2812,False,,,,,,,94.4138051246296,67.0,138.0,1.8054861111111111,0.345138875,497.0,Tuesday
7007744171,2016-04-20,15566,11.3100004196167,10.4099998474121,4.92484092712402,4.78999996185303,0.670000016689301,5.8600001335144,0.0,60,33,347,1000,3096,False,,,,,,,96.79697587495752,70.0,151.0,1.9886805555555553,0.4118054583333333,593.0,Wednesday
7007744171,2016-04-21,13744,9.1899995803833,9.1899995803833,0.0,2.15000009536743,1.87000000476837,5.17000007629395,0.0,30,34,327,1049,2763,False,,,,,,,92.19450171821306,64.0,136.0,1.775,0.33680550000000004,485.0,Thursday
7007744171,2016-04-22,15299,10.2399997711182,10.2399997711182,0.0,4.09999990463257,1.75999999046326,4.36999988555908,0.0,64,50,261,1065,2889,False,,,,,,,93.92858369098713,57.0,156.0,1.855902777777778,0.3840277916666666,553.0,Friday
7007744171,2016-04-23,8093,5.40999984741211,5.40999984741211,0.0,0.129999995231628,1.12999999523163,4.15000009536743,0.0,2,25,223,1190,2284,False,,,,,,,93.28872775214239,66.0,135.0,1.4673611111111111,0.19375,279.0,Saturday
7007744171,2016-04-24,11085,7.42000007629395,7.42000007629395,0.0,0.0,0.0,7.42000007629395,0.0,0,0,419,1021,2667,False,,,,,,,95.19453842435959,66.0,122.0,1.7130555555555556,0.2909722083333333,419.0,Sunday
7007744171,2016-04-25,18229,13.3400001525879,12.1999998092651,4.86179208755493,4.30999994277954,1.37000000476837,7.67000007629395,0.0,51,24,379,986,3055,False,,,,,,,94.64476021314387,60.0,137.0,1.9625,0.40277775,580.0,Monday
7007744171,2016-04-26,15090,10.1000003814697,10.1000003814697,0.0,0.930000007152557,0.939999997615814,8.22999954223633,0.0,16,22,424,978,2939,False,,,,,,,90.65212512273811,63.0,143.0,1.888125,0.35833329166666666,516.0,Tuesday
7007744171,2016-04-27,13541,10.2200002670288,9.0600004196167,4.88560485839844,4.26999998092651,0.660000026226044,5.28999996185303,0.0,50,12,337,1041,2830,False,,,,,,,95.18625238673842,71.0,137.0,1.8179861111111113,0.3548610833333334,511.0,Wednesday
7007744171,2016-04-28,15128,10.1199998855591,10.1199998855591,0.0,1.0900000333786,0.769999980926514,8.26000022888184,0.0,16,16,401,1007,2836,False,,,,,,,89.45166402535658,58.0,152.0,1.8219444444444446,0.3340277916666667,481.0,Thursday
7007744171,2016-04-29,20067,14.3000001907349,13.4200000762939,4.91114616394043,4.30999994277954,2.04999995231628,7.94999980926514,0.0,55,42,382,961,3180,False,,,,,,,93.94141876430206,63.0,145.0,2.0430555555555556,0.43819441666666664,631.0,Friday
7007744171,2016-04-30,3761,2.51999998092651,2.51999998092651,0.0,0.0,0.0,2.51999998092651,0.0,0,0,200,1240,2051,False,,,,,,,80.32344497607656,61.0,124.0,1.3175000000000001,0.13888883333333332,200.0,Saturday
7007744171,2016-05-01,5600,3.75,3.75,0.0,0.0,0.0,3.75,0.0,0,0,237,1142,2225,False,1.0,58.0,61.0,,,,84.96455424274973,57.0,128.0,1.4295833333333332,0.16458333333333333,237.0,Sunday
7007744171,2016-05-02,13041,9.18000030517578,8.72000026702881,2.83232593536377,4.6399998664856,0.699999988079071,3.82999992370605,0.0,64,14,250,1112,2642,False,,,,,,,86.10571081409478,58.0,147.0,1.6969444444444446,0.32638883333333335,470.0,Monday
7007744171,2016-05-03,14510,10.8699998855591,9.71000003814697,4.91236782073975,4.48000001907349,1.01999998092651,5.3600001335144,0.0,58,31,330,1021,2976,False,,,,,,,93.36198046034112,65.0,138.0,1.9116666666666666,0.39305558333333335,566.0,Tuesday
7007744171,2016-05-04,0,0.0,0.0,0.0,0.0,0.0,0.0,0.0,0,0,0,1440,1557,True,,,,,,,,,,1.000347222222222,0.0,0.0,Wednesday
7007744171,2016-05-05,15010,11.1000003814697,10.039999961853,4.8782320022583,4.32999992370605,1.28999996185303,5.48000001907349,0.0,53,23,317,1047,2933,False,,,,,,,97.89637305699482,70.0,133.0,1.884236111111111,0.36249991666666664,522.0,Thursday
7007744171,2016-05-06,11459,7.67000007629395,7.67000007629395,0.0,3.0,0.810000002384186,3.85999989509583,0.0,44,13,247,1136,2553,False,,,,,,,87.15,62.0,166.0,1.6402083333333333,0.2812500416666667,405.0,Friday
7007744171,2016-05-07,0,0.0,0.0,0.0,0.0,0.0,0.0,0.0,0,0,0,111,120,False,,,,,,,,,,1.0,0.0,0.0,Saturday
7086361926,2016-04-12,11317,8.40999984741211,8.40999984741211,0.0,5.26999998092651,0.150000005960464,2.97000002861023,0.0,59,6,153,745,2772,False,1.0,514.0,525.0,,,,,,,1.7011111111111112,0.23749995833333334,342.0,Tuesday
7086361926,2016-04-13,5813,3.61999988555908,3.61999988555908,0.0,0.560000002384186,0.209999993443489,2.83999991416931,0.0,31,26,155,744,2516,False,1.0,451.0,465.0,,,,,,,1.5440972222222222,0.20833337500000002,300.0,Wednesday
7086361926,2016-04-14,9123,6.11999988555908,6.11999988555908,0.0,2.02999997138977,0.330000013113022,3.66000008583069,0.0,35,32,189,787,2734,False,1.0,472.0,476.0,,,,,,,1.6736111111111112,0.2486112083333333,358.0,Thursday
7086361926,2016-04-15,8585,5.67000007629395,5.67000007629395,0.0,2.03999996185303,1.11000001430511,2.52999997138977,0.0,30,21,139,864,2395,False,1.0,377.0,386.0,,,,,,,1.469861111111111,0.18819445833333334,271.0,Friday
7086361926,2016-04-16,31,0.0099999997764825,0.0099999997764825,0.0,0.0,0.0,0.0099999997764825,0.0,0,0,3,1437,1635,False,,,,,,,,,,1.0034027777777779,0.0020833333333333333,3.0,Saturday
7086361926,2016-04-17,0,0.0,0.0,0.0,0.0,0.0,0.0,0.0,0,0,0,1440,1629,True,,,,,,,,,,1.0,0.0,0.0,Sunday
7086361926,2016-04-18,9827,6.71000003814697,6.71000003814697,0.0,3.17000007629395,1.22000002861023,2.30999994277954,0.0,61,51,114,1136,2743,False,,,,,,,,,,1.6836111111111112,0.27708333333333335,399.0,Monday
7086361926,2016-04-19,10688,7.28999996185303,7.28999996185303,0.0,3.52999997138977,1.23000001907349,2.50999999046326,0.0,67,69,124,671,2944,False,1.0,472.0,483.0,,,,,,,1.806736111111111,0.32152775,463.0,Tuesday
7086361926,2016-04-20,14365,10.6400003433228,10.6400003433228,0.0,7.6399998664856,0.449999988079071,2.53999996185303,0.0,87,13,145,797,2997,False,1.0,492.0,502.0,,,,,,,1.8389583333333335,0.30000004166666666,432.0,Wednesday
7086361926,2016-04-21,9469,6.17999982833862,6.17999982833862,0.0,1.36000001430511,0.300000011920929,4.51000022888184,0.0,19,6,206,758,2463,False,1.0,390.0,411.0,,,,,,,1.511736111111111,0.19097224999999998,275.0,Thursday
7086361926,2016-04-22,9753,6.53000020980835,6.53000020980835,0.0,2.86999988555908,0.970000028610229,2.67000007629395,0.0,58,59,153,762,2846,False,1.0,428.0,448.0,,,,,,,1.7450694444444443,0.30902779166666666,445.0,Friday
7086361926,2016-04-23,2817,1.80999994277954,1.80999994277954,0.0,0.0,0.0,1.79999995231628,0.0,0,0,90,1350,1965,False,,,,,,,,,,1.2049305555555556,0.062499958333333334,90.0,Saturday
7086361926,2016-04-24,3520,2.16000008583069,2.16000008583069,0.0,0.0,0.0,2.15000009536743,0.0,0,0,125,566,2049,False,1.0,681.0,704.0,,,,,,,1.2574305555555556,0.086805625,125.0,Sunday
7086361926,2016-04-25,10091,6.82000017166138,6.82000017166138,0.0,3.75,0.699999988079071,2.36999988555908,0.0,69,39,129,706,2752,False,1.0,446.0,447.0,,,,,,,1.6888888888888889,0.28750004166666665,414.0,Monday
7086361926,2016-04-26,10387,7.07000017166138,7.07000017166138,0.0,4.15999984741211,0.769999980926514,2.11999988555908,0.0,70,33,132,726,2781,False,1.0,485.0,500.0,,,,,,,1.7059027777777778,0.28333345833333334,408.0,Tuesday
7086361926,2016-04-27,11107,8.34000015258789,8.34000015258789,0.0,5.63000011444092,0.180000007152557,2.52999997138977,0.0,55,6,145,829,2693,False,1.0,469.0,479.0,,,,,,,1.6524999999999999,0.22361112500000002,322.0,Wednesday
7086361926,2016-04-28,11584,7.80000019073486,7.80000019073486,0.0,2.78999996185303,1.63999998569489,3.35999989509583,0.0,54,48,161,810,2862,False,1.0,354.0,367.0,,,,,,,1.7551388888888888,0.29097216666666664,419.0,Thursday
7086361926,2016-04-29,7881,4.94999980926514,4.94999980926514,0.0,0.490000009536743,0.449999988079071,4.0,0.0,24,36,182,1198,2616,False,,,,,,,,,,1.6043055555555554,0.2263889166666667,326.0,Friday
7086361926,2016-04-30,14560,9.40999984741211,9.40999984741211,0.0,3.11999988555908,1.03999996185303,5.23999977111816,0.0,42,17,308,584,2995,False,1.0,485.0,489.0,,,,,,,1.8383333333333334,0.32499991666666667,468.0,Saturday
7086361926,2016-05-01,12390,8.06999969482422,8.06999969482422,0.0,2.29999995231628,0.899999976158142,4.84999990463257,0.0,30,15,258,685,2730,False,1.0,388.0,407.0,,,,,,,1.674861111111111,0.2625000416666667,378.0,Sunday
7086361926,2016-05-02,10052,6.80999994277954,6.80999994277954,0.0,3.48000001907349,0.660000026226044,2.66000008583069,0.0,66,26,139,737,2754,False,1.0,440.0,459.0,,,,,,,1.6900694444444444,0.27013883333333333,389.0,Monday
7086361926,2016-05-03,10288,6.76000022888184,6.76000022888184,0.0,2.74000000953674,0.850000023841858,3.16000008583069,0.0,57,36,152,761,2754,False,1.0,456.0,461.0,,,,,,,1.6899305555555557,0.2743055833333333,395.0,Tuesday
7086361926,2016-05-04,10988,8.3100004196167,8.3100004196167,0.0,5.28000020980835,0.119999997317791,2.90000009536743,0.0,45,12,135,843,2655,False,1.0,420.0,436.0,,,,,,,1.6293055555555553,0.2041666666666667,294.0,Wednesday
7086361926,2016-05-05,8564,5.59999990463257,5.59999990463257,0.0,1.77999997138977,0.829999983310699,2.95000004768372,0.0,24,14,149,1253,2386,False,,,,,,,,,,1.4600694444444444,0.17291674999999998,249.0,Thursday
7086361926,2016-05-06,12461,8.38000011444092,8.38000011444092,0.0,3.8199999332428,1.42999994754791,3.11999988555908,0.0,84,35,154,834,2924,False,1.0,322.0,333.0,,,,,,,1.7940277777777776,0.3305555833333333,476.0,Friday
7086361926,2016-05-07,12827,8.47999954223633,8.47999954223633,0.0,1.46000003814697,2.32999992370605,4.67999982833862,0.0,20,42,209,621,2739,False,1.0,530.0,548.0,,,,,,,1.6810416666666665,0.24513891666666665,353.0,Saturday
7086361926,2016-05-08,10677,7.09999990463257,7.09999990463257,0.0,2.30999994277954,1.52999997138977,3.25,0.0,32,27,147,695,2534,False,1.0,481.0,510.0,,,,,,,1.5551388888888888,0.20624991666666667,297.0,Sunday
7086361926,2016-05-09,13566,9.10999965667725,9.10999965667725,0.0,4.26000022888184,1.71000003814697,3.11999988555908,0.0,67,50,171,743,2960,False,1.0,427.0,438.0,,,,,,,1.8156944444444445,0.32777775,472.0,Monday
7086361926,2016-05-10,14433,10.789999961853,10.789999961853,0.0,7.1100001335144,1.20000004768372,2.45000004768372,0.0,72,23,106,1182,2800,False,,,,,,,,,,1.715277777777778,0.255555625,368.0,Tuesday
7086361926,2016-05-11,9572,6.51999998092651,6.51999998092651,0.0,2.89000010490417,1.38999998569489,2.23000001907349,0.0,57,40,128,757,2735,False,1.0,451.0,463.0,,,,,,,1.6784722222222221,0.26319441666666665,379.0,Wednesday
7086361926,2016-05-12,3789,2.55999994277954,2.55999994277954,0.0,0.379999995231628,0.270000010728836,1.88999998569489,0.0,5,4,58,343,1199,False,1.0,444.0,457.0,,,,,,,1.1271794871794873,0.041025692307692305,32.0,Thursday
8053475328,2016-04-12,18060,14.1199998855591,14.1199998855591,0.0,11.6400003433228,0.389999985694885,2.09999990463257,0.0,116,8,123,1193,3186,False,,,,,,,,,,1.817222222222222,0.33819445833333334,487.0,Tuesday
8053475328,2016-04-13,16433,13.3500003814697,13.3500003814697,0.0,10.4300003051758,0.469999998807907,2.45000004768372,0.0,95,12,156,1177,3140,False,,,,,,,,,,1.7913888888888887,0.32291675000000003,465.0,Wednesday
8053475328,2016-04-14,20159,15.9700002670288,15.9700002670288,0.0,12.3400001525879,0.209999993443489,3.35999989509583,0.0,119,5,193,1123,3411,False,,,,,,,,,,1.9435416666666665,0.38888887499999997,560.0,Thursday
8053475328,2016-04-15,20669,16.2399997711182,16.2399997711182,0.0,13.2600002288818,0.389999985694885,2.58999991416931,0.0,132,8,158,1142,3410,False,,,,,,,,,,1.9453472222222221,0.3958333333333333,570.0,Friday
8053475328,2016-04-16,14549,11.1099996566772,11.1099996566772,0.0,9.35999965667725,0.270000010728836,1.49000000953674,0.0,96,6,83,1255,2867,False,,,,,,,,,,1.6356944444444443,0.2659722083333333,383.0,Saturday
8053475328,2016-04-17,18827,13.6899995803833,13.6899995803833,0.0,9.23999977111816,0.800000011920929,3.64000010490417,0.0,111,21,195,1113,3213,False,,,,,,,,,,1.8325,0.3958333333333333,570.0,Sunday
8053475328,2016-04-18,17076,12.6599998474121,12.6599998474121,0.0,9.07999992370605,0.230000004172325,3.34999990463257,0.0,102,6,195,1137,3133,False,,,,,,,,,,1.7870833333333334,0.35624995833333334,513.0,Monday
8053475328,2016-04-19,15929,12.4799995422363,12.4799995422363,0.0,9.22000026702881,0.310000002384186,2.95000004768372,0.0,90,7,191,1152,3114,False,,,,,,,,,,1.776388888888889,0.32986116666666665,475.0,Tuesday
8053475328,2016-04-20,15108,12.1899995803833,12.1899995803833,0.0,9.57999992370605,0.230000004172325,2.38000011444092,0.0,89,5,158,695,3043,False,1.0,486.0,493.0,,,,,,,1.7358333333333333,0.30208324999999997,435.0,Wednesday
8053475328,2016-04-21,16057,12.5100002288818,12.5100002288818,0.0,9.67000007629395,0.25,2.57999992370605,0.0,100,6,170,1164,3103,False,,,,,,,,,,1.7686805555555556,0.3347222916666666,482.0,Thursday
8053475328,2016-04-22,10520,8.28999996185303,8.28999996185303,0.0,6.26000022888184,0.150000005960464,1.87999999523163,0.0,60,3,117,1260,2655,False,,,,,,,,,,1.5144444444444445,0.210416625,303.0,Friday
8053475328,2016-04-23,22359,17.1900005340576,17.1900005340576,0.0,12.539999961853,0.629999995231628,4.01999998092651,0.0,125,14,223,741,3554,False,1.0,331.0,337.0,,,,,,,2.0275,0.43472225000000003,626.0,Saturday
8053475328,2016-04-24,22988,17.9500007629395,17.9500007629395,0.0,13.1300001144409,1.54999995231628,3.25999999046326,0.0,129,33,182,1096,3577,False,,,,,,,,,,2.040208333333333,0.44097216666666667,635.0,Sunday
8053475328,2016-04-25,20500,15.6899995803833,15.6899995803833,0.0,11.3699998855591,0.46000000834465,3.85999989509583,0.0,118,9,209,1104,3403,False,,,,,,,,,,1.9412500000000001,0.40347225000000003,581.0,Monday
8053475328,2016-04-26,12685,9.61999988555908,9.61999988555908,0.0,6.30999994277954,0.200000002980232,3.09999990463257,0.0,68,5,185,1182,2846,False,,,,,,,,,,1.6226388888888887,0.277083375,399.0,Tuesday
8053475328,2016-04-27,12422,9.81999969482422,9.81999969482422,0.0,6.46000003814697,0.430000007152557,2.9300000667572,0.0,60,10,183,1187,2852,False,,,,,,,,,,1.6269444444444445,0.2659722083333333,383.0,Wednesday
8053475328,2016-04-28,15447,12.3999996185303,12.3999996185303,0.0,9.67000007629395,0.389999985694885,2.34999990463257,0.0,90,9,153,1188,3062,False,,,,,,,,,,1.746527777777778,0.30624995833333335,441.0,Thursday
8053475328,2016-04-29,12315,9.64999961853027,9.64999961853027,0.0,6.17000007629395,0.310000002384186,3.17000007629395,0.0,58,8,159,1215,2794,False,,,,,,,,,,1.5939583333333334,0.24236112499999998,349.0,Friday
8053475328,2016-04-30,7135,5.59000015258789,5.59000015258789,0.0,2.99000000953674,0.0599999986588955,2.53999996185303,0.0,27,1,131,1281,2408,False,,,,,,,,,,1.373888888888889,0.1486110833333333,214.0,Saturday
8053475328,2016-05-01,1170,0.850000023841858,0.850000023841858,0.0,0.0,0.0,0.850000023841858,0.0,0,0,51,1389,1886,False,,,,,,,,,,1.0756944444444445,0.035416666666666666,51.0,Sunday
8053475328,2016-05-02,1969,1.42999994754791,1.42999994754791,0.0,0.0,0.0,1.42999994754791,0.0,0,0,95,1345,1988,False,,,,,,,,,,1.1372916666666666,0.06597225,95.0,Monday
8053475328,2016-05-03,15484,11.8999996185303,11.8999996185303,0.0,8.39000034332275,0.930000007152557,2.58999991416931,0.0,87,22,165,1166,3023,False,,,,,,,,,,1.7293749999999999,0.32638891666666664,470.0,Tuesday
8053475328,2016-05-04,14581,11.1499996185303,11.1499996185303,0.0,8.81999969482422,0.400000005960464,1.9099999666214,0.0,89,8,123,1220,2918,False,,,,,,,,,,1.6683333333333334,0.2819444583333333,406.0,Wednesday
8053475328,2016-05-05,14990,11.5100002288818,11.5100002288818,0.0,8.85000038146973,0.449999988079071,2.21000003814697,0.0,93,9,130,1208,2950,False,,,,,,,,,,1.6874305555555555,0.29652770833333336,427.0,Thursday
8053475328,2016-05-06,13953,11.0,11.0,0.0,9.10000038146973,0.689999997615814,1.21000003814697,0.0,90,15,90,1245,2859,False,,,,,,,,,,1.6354166666666667,0.27083329166666664,390.0,Friday
8053475328,2016-05-07,19769,15.6700000762939,15.6700000762939,0.0,12.4399995803833,0.879999995231628,2.34999990463257,0.0,121,20,148,1076,3331,False,1.0,74.0,75.0,,,,,,,1.9054861111111112,0.3826388333333333,551.0,Saturday
8053475328,2016-05-08,22026,17.6499996185303,17.6499996185303,0.0,13.3999996185303,0.589999973773956,3.66000008583069,0.0,125,14,228,1073,3589,False,,,,,,,,,,2.053125,0.4381944583333333,631.0,Sunday
8053475328,2016-05-09,12465,9.38000011444092,9.38000011444092,0.0,6.11999988555908,0.569999992847443,2.69000005722046,0.0,66,12,148,1214,2765,False,,,,,,,,,,1.5816666666666666,0.25694445833333335,370.0,Monday
8053475328,2016-05-10,14810,11.3599996566772,11.3599996566772,0.0,9.09000015258789,0.419999986886978,1.85000002384186,0.0,96,10,115,1219,2926,False,,,,,,,,,,1.6736805555555556,0.29375,423.0,Tuesday
8053475328,2016-05-11,12209,9.39999961853027,9.39999961853027,0.0,6.07999992370605,0.280000001192093,3.03999996185303,0.0,60,7,184,1189,2809,False,,,,,,,,,,1.6066666666666667,0.2625000416666667,378.0,Wednesday
8053475328,2016-05-12,4998,3.91000008583069,3.91000008583069,0.0,2.95000004768372,0.200000002980232,0.759999990463257,0.0,28,4,39,839,1505,False,,,,,,,,,,1.3592222222222223,0.14444439999999997,130.0,Thursday
8253242879,2016-04-12,9033,7.15999984741211,7.15999984741211,0.0,5.42999982833862,0.140000000596046,1.5900000333786,0.0,40,2,154,1244,2044,False,,,,,,,,,,1.4319444444444445,0.19305550000000002,278.0,Tuesday
8253242879,2016-04-13,8053,6.09999990463257,6.09999990463257,0.0,4.17000007629395,0.629999995231628,1.30999994277954,0.0,35,11,96,1298,1935,False,,,,,,,,,,1.355486111111111,0.15486108333333334,223.0,Wednesday
8253242879,2016-04-14,5234,3.46000003814697,3.46000003814697,0.0,1.92999994754791,0.990000009536743,0.540000021457672,0.0,29,16,33,1362,1705,False,,,,,,,,,,1.1947222222222222,0.10555554166666666,152.0,Thursday
8253242879,2016-04-15,2672,1.76999998092651,1.76999998092651,0.0,0.0,0.0,1.75999999046326,0.0,0,0,105,1335,1632,False,,,,,,,,,,1.1431944444444444,0.07291666666666667,105.0,Friday
8253242879,2016-04-16,9256,6.1399998664856,6.1399998664856,0.0,0.430000007152557,3.26999998092651,2.45000004768372,0.0,6,51,115,1268,1880,False,,,,,,,,,,1.3175694444444443,0.16319441666666668,235.0,Saturday
8253242879,2016-04-17,10204,7.90999984741211,7.90999984741211,0.0,5.42999982833862,0.150000005960464,2.32999992370605,0.0,41,5,157,1237,2112,False,,,,,,,,,,1.4794444444444443,0.20138883333333332,290.0,Sunday
8253242879,2016-04-18,5151,3.48000001907349,3.48000001907349,0.0,1.03999996185303,0.629999995231628,1.79999995231628,0.0,16,16,130,1278,1829,False,,,,,,,,,,1.2811805555555555,0.14583337500000002,210.0,Monday
8253242879,2016-04-19,4212,2.77999997138977,2.77999997138977,0.0,0.0,0.0,2.77999997138977,0.0,0,0,164,1276,1763,False,,,,,,,,,,1.2352777777777777,0.11388891666666667,164.0,Tuesday
8253242879,2016-04-20,6466,4.26999998092651,4.26999998092651,0.0,0.330000013113022,0.819999992847443,3.10999989509583,0.0099999997764825,5,18,216,1201,1931,False,,,,,,,,,,1.3529166666666668,0.18541670833333335,267.0,Wednesday
8253242879,2016-04-21,11268,8.5600004196167,8.5600004196167,0.0,5.88000011444092,0.930000007152557,1.75,0.0,49,20,172,1199,2218,False,,,,,,,,,,1.55375,0.24930558333333333,359.0,Thursday
8253242879,2016-04-22,2824,1.87000000476837,1.87000000476837,0.0,0.0,0.0,1.87000000476837,0.0,0,0,120,1320,1651,False,,,,,,,,,,1.1565277777777778,0.08333329166666667,120.0,Friday
8253242879,2016-04-23,9282,6.26000022888184,6.26000022888184,0.0,2.08999991416931,1.03999996185303,3.13000011444092,0.0,30,26,191,1193,2132,False,,,,,,,,,,1.4938194444444446,0.23124999999999998,333.0,Saturday
8253242879,2016-04-24,8905,7.13000011444092,7.13000011444092,0.0,5.59999990463257,0.189999997615814,1.3400000333786,0.0,41,4,82,1313,1976,False,,,,,,,,,,1.3843055555555555,0.14791666666666667,213.0,Sunday
8253242879,2016-04-25,6829,4.51000022888184,4.51000022888184,0.0,0.360000014305115,2.39000010490417,1.76999998092651,0.0,7,54,118,1261,1909,False,,,,,,,,,,1.337222222222222,0.17152783333333332,247.0,Monday
8253242879,2016-04-26,4562,3.03999996185303,3.03999996185303,0.0,1.17999994754791,0.490000009536743,1.37000000476837,0.0,19,14,108,1299,1813,False,,,,,,,,,,1.2702083333333332,0.13402779166666667,193.0,Tuesday
8253242879,2016-04-27,10232,8.18000030517578,8.18000030517578,0.0,6.23999977111816,0.230000004172325,1.70000004768372,0.0,45,5,104,1286,2008,False,,,,,,,,,,1.4067361111111112,0.1729167083333333,249.0,Wednesday
8253242879,2016-04-28,2718,1.79999995231628,1.79999995231628,0.0,0.670000016689301,0.779999971389771,0.340000003576279,0.0,11,16,20,1393,1580,False,,,,,,,,,,1.1069444444444445,0.05902779166666667,85.0,Thursday
8253242879,2016-04-29,6260,4.26000022888184,4.26000022888184,0.0,1.28999996185303,0.540000021457672,2.40000009536743,0.0,16,14,136,1257,1854,False,,,,,,,,,,1.306159420289855,0.14637678260869566,202.0,Friday
8253242879,2016-04-30,0,0.0,0.0,0.0,0.0,0.0,0.0,0.0,0,0,0,1440,0,True,,,,,,,,,,,,,Saturday
8378563200,2016-04-12,7626,6.05000019073486,6.05000019073486,2.25308108329773,0.829999983310699,0.709999978542328,4.5,0.0,65,15,156,723,3635,False,1.0,338.0,356.0,,,,,,,1.68125,0.264583375,381.0,Tuesday
8378563200,2016-04-13,12386,9.81999969482422,9.81999969482422,2.0921471118927,4.96000003814697,0.649999976158142,4.21000003814697,0.0,116,14,169,680,4079,False,2.0,447.0,487.0,,,,,,,1.8866666666666667,0.37847216666666667,545.0,Wednesday
8378563200,2016-04-14,13318,10.5600004196167,10.5600004196167,2.25308108329773,5.61999988555908,1.02999997138977,3.91000008583069,0.0,123,21,174,699,4163,False,1.0,424.0,455.0,,,,,,,1.9254166666666666,0.40625,585.0,Thursday
8378563200,2016-04-15,14461,11.4700002670288,11.4700002670288,0.0,4.90999984741211,1.14999997615814,5.40999984741211,0.0,60,23,190,729,3666,False,1.0,513.0,533.0,,,,,,,1.6908333333333334,0.28888891666666666,416.0,Friday
8378563200,2016-04-16,11207,8.89000034332275,8.89000034332275,0.0,5.36999988555908,1.07000005245209,2.44000005722046,0.0,64,21,142,563,3363,False,2.0,611.0,689.0,,,,,,,1.5554166666666667,0.261111125,376.0,Saturday
8378563200,2016-04-17,2132,1.69000005722046,1.69000005722046,0.0,0.0,0.0,1.69000005722046,0.0,0,0,93,599,2572,False,2.0,525.0,591.0,,,,,,,1.1895833333333334,0.06458325,93.0,Sunday
8378563200,2016-04-18,13630,10.8100004196167,10.8100004196167,2.0921471118927,5.05000019073486,0.560000002384186,5.19999980926514,0.0,117,10,174,720,4157,False,1.0,398.0,451.0,,,,,,,1.9229166666666668,0.3784722916666667,545.0,Monday
8378563200,2016-04-19,13070,10.3599996566772,10.3599996566772,2.25308108329773,5.30000019073486,0.879999995231628,4.17999982833862,0.0,120,19,154,737,4092,False,1.0,387.0,421.0,,,,,,,1.8925,0.38333325,552.0,Tuesday
8378563200,2016-04-20,9388,7.44000005722046,7.44000005722046,2.0921471118927,2.23000001907349,0.439999997615814,4.78000020980835,0.0,82,8,169,763,3787,False,1.0,381.0,409.0,,,,,,,1.7513888888888889,0.29930558333333335,431.0,Wednesday
8378563200,2016-04-21,15148,12.0100002288818,12.0100002288818,2.25308108329773,6.90000009536743,0.819999992847443,4.28999996185303,0.0,137,16,145,677,4236,False,1.0,396.0,417.0,,,,,,,1.9590277777777778,0.408333375,588.0,Thursday
8378563200,2016-04-22,12200,9.67000007629395,9.67000007629395,2.0921471118927,4.90999984741211,0.589999973773956,4.17999982833862,0.0,113,12,159,769,4044,False,1.0,441.0,469.0,,,,,,,1.8705555555555555,0.36250000000000004,522.0,Friday
8378563200,2016-04-23,5709,4.53000020980835,4.53000020980835,0.0,1.51999998092651,0.519999980926514,2.48000001907349,0.0,19,10,136,740,2908,False,1.0,565.0,591.0,,,,,,,1.3452777777777778,0.147916625,213.0,Saturday
8378563200,2016-04-24,3703,2.94000005722046,2.94000005722046,0.0,0.0,0.0,2.94000005722046,0.0,0,0,135,734,2741,False,1.0,458.0,492.0,,,,,,,1.2679166666666668,0.09375004166666667,135.0,Sunday
8378563200,2016-04-25,12405,9.84000015258789,9.84000015258789,2.0921471118927,5.05000019073486,0.870000004768372,3.92000007629395,0.0,117,16,141,692,4005,False,1.0,388.0,402.0,,,,,,,1.8523611111111111,0.3638889166666666,524.0,Monday
8378563200,2016-04-26,16208,12.8500003814697,12.8500003814697,0.0,7.51000022888184,0.920000016689301,4.42000007629395,0.0,90,18,161,593,3763,False,1.0,550.0,584.0,,,,,,,1.7405555555555554,0.324305625,467.0,Tuesday
8378563200,2016-04-27,7359,5.84000015258789,5.84000015258789,0.0,0.330000013113022,0.180000007152557,5.32999992370605,0.0,4,4,192,676,3061,False,1.0,531.0,600.0,,,,,,,1.4159722222222222,0.14722220833333333,212.0,Wednesday
8378563200,2016-04-28,5417,4.30000019073486,4.30000019073486,0.0,0.899999976158142,0.490000009536743,2.91000008583069,0.0,11,10,139,711,2884,False,1.0,506.0,556.0,,,,,,,1.3343055555555554,0.13333333333333333,192.0,Thursday
8378563200,2016-04-29,6175,4.90000009536743,4.90000009536743,0.0,0.25,0.360000014305115,4.26999998092651,0.0,3,7,172,767,2982,False,1.0,527.0,562.0,,,,,,,1.3795833333333332,0.13541666666666666,195.0,Friday
8378563200,2016-04-30,2946,2.33999991416931,2.33999991416931,0.0,0.0,0.0,2.33999991416931,0.0,0,0,121,780,2660,False,1.0,468.0,555.0,,,,,,,1.2304166666666667,0.08402783333333334,121.0,Saturday
8378563200,2016-05-01,11419,9.0600004196167,9.0600004196167,0.0,6.03000020980835,0.560000002384186,2.47000002861023,0.0,71,10,127,669,3369,False,1.0,475.0,539.0,,,,,,,1.558611111111111,0.249999875,360.0,Sunday
8378563200,2016-05-02,6064,4.80999994277954,4.80999994277954,2.0921471118927,0.629999995231628,0.170000001788139,4.01000022888184,0.0,63,4,142,802,3491,False,1.0,351.0,385.0,,,,,,,1.6145833333333333,0.23541662500000002,339.0,Monday
8378563200,2016-05-03,8712,6.90999984741211,6.90999984741211,2.25308108329773,1.3400000333786,1.05999994277954,4.5,0.0,71,20,195,822,3784,False,1.0,405.0,429.0,,,,,,,1.7502777777777776,0.311111125,448.0,Tuesday
8378563200,2016-05-04,7875,6.23999977111816,6.23999977111816,0.0,1.55999994277954,0.490000009536743,4.19999980926514,0.0,19,10,167,680,3110,False,1.0,441.0,477.0,,,,,,,1.4383333333333332,0.16944454166666667,244.0,Wednesday
8378563200,2016-05-05,8567,6.78999996185303,6.78999996185303,2.25308108329773,0.889999985694885,0.159999996423721,5.73999977111816,0.0,66,3,214,764,3783,False,1.0,381.0,417.0,,,,,,,1.749861111111111,0.29027783333333335,418.0,Thursday
8378563200,2016-05-06,7045,5.59000015258789,5.59000015258789,2.0921471118927,1.54999995231628,0.25,3.77999997138977,0.0,74,5,166,831,3644,False,1.0,323.0,355.0,,,,,,,1.6855555555555555,0.27638887500000003,398.0,Friday
8378563200,2016-05-07,4468,3.53999996185303,3.53999996185303,0.0,0.0,0.0,3.53999996185303,0.0,0,0,158,851,2799,False,2.0,459.0,513.0,,,,,,,1.2947222222222223,0.10972233333333332,158.0,Saturday
8378563200,2016-05-08,2943,2.32999992370605,2.32999992370605,0.0,0.0,0.0,2.32999992370605,0.0,0,0,139,621,2685,False,1.0,545.0,606.0,,,,,,,1.2422222222222223,0.09652775000000001,139.0,Sunday
8378563200,2016-05-09,8382,6.65000009536743,6.65000009536743,2.0921471118927,1.26999998092651,0.660000026226044,4.71999979019165,0.0,71,13,171,772,3721,False,1.0,359.0,399.0,,,,,,,1.7211111111111113,0.28472220833333334,410.0,Monday
8378563200,2016-05-10,6582,5.21999979019165,5.21999979019165,2.25308108329773,0.660000026226044,0.639999985694885,3.92000007629395,0.0,63,13,152,840,3586,False,1.0,342.0,391.0,,,,,,,1.6586111111111113,0.25486108333333335,367.0,Tuesday
8378563200,2016-05-11,9143,7.25,7.25,2.0921471118927,1.38999998569489,0.589999973773956,5.26999998092651,0.0,72,10,184,763,3788,False,1.0,368.0,387.0,,,,,,,1.7519444444444445,0.29166670833333336,420.0,Wednesday
8378563200,2016-05-12,4561,3.61999988555908,3.61999988555908,0.0,0.649999976158142,0.270000010728836,2.69000005722046,0.0,8,6,102,433,1976,False,1.0,496.0,546.0,,,,,,,1.3723076923076922,0.14111120000000002,127.0,Thursday
8583815059,2016-04-12,5014,3.91000008583069,3.91000008583069,0.0,0.0,0.330000013113022,3.57999992370605,0.0,0,7,196,1237,2650,False,,,,,,,,,,1.3122222222222222,0.14583337500000002,210.0,Tuesday
8583815059,2016-04-13,5571,4.34999990463257,4.34999990463257,0.0,0.150000005960464,0.970000028610229,3.23000001907349,0.0,2,23,163,1252,2654,False,,,,,,,,,,1.3142361111111112,0.14930558333333335,215.0,Wednesday
8583815059,2016-04-14,3135,2.45000004768372,2.45000004768372,0.0,0.0,0.0,2.4300000667572,0.0,0,0,134,1306,2443,False,,,,,,,,,,1.209375,0.09305558333333334,134.0,Thursday
8583815059,2016-04-15,3430,2.6800000667572,2.6800000667572,0.0,0.0,0.0,0.899999976158142,0.0,0,0,65,1375,2505,False,,,,,,,,,,1.0931944444444444,0.04513883333333333,65.0,Friday
8583815059,2016-04-16,5319,4.15000009536743,4.15000009536743,0.0,0.0,0.0,0.0,0.0,0,0,0,1440,2693,True,,,,,,,,,,1.0,0.0,0.0,Saturday
8583815059,2016-04-17,3008,2.34999990463257,2.34999990463257,0.0,0.0,0.0,0.0,0.0,0,0,0,1440,2439,True,,,,,,,,,,1.0,0.0,0.0,Sunday
8583815059,2016-04-18,3864,3.00999999046326,3.00999999046326,0.0,0.310000002384186,1.05999994277954,1.35000002384186,0.0,4,22,105,1309,2536,False,,,,,,,,,,1.2372222222222222,0.1118055,161.0,Monday
8583815059,2016-04-19,5697,4.44000005722046,4.44000005722046,0.0,0.529999971389771,0.479999989271164,3.44000005722046,0.0,7,10,166,1257,2668,False,,,,,,,,,,1.3214583333333334,0.14375000000000002,207.0,Tuesday
8583815059,2016-04-20,5273,4.1100001335144,4.1100001335144,0.0,0.0,1.03999996185303,3.0699999332428,0.0,0,27,167,1246,2647,False,,,,,,,,,,1.3109722222222222,0.15347220833333333,221.0,Wednesday
8583815059,2016-04-21,8538,6.65999984741211,6.65999984741211,0.0,2.63000011444092,1.01999998092651,3.00999999046326,0.0,35,18,158,1229,2883,False,,,,,,,,,,1.4275694444444444,0.20763883333333333,299.0,Thursday
8583815059,2016-04-22,8687,6.78000020980835,6.78000020980835,0.0,0.28999999165535,2.41000008583069,4.07999992370605,0.0,4,54,212,1170,2944,False,,,,,,,,,,1.4579166666666667,0.23055558333333334,332.0,Friday
8583815059,2016-04-23,9423,7.34999990463257,7.34999990463257,0.0,0.529999971389771,2.02999997138977,4.75,0.0,7,44,238,1151,3012,False,,,,,,,,,,1.491111111111111,0.24097220833333333,347.0,Saturday
8583815059,2016-04-24,8286,6.46000003814697,6.46000003814697,0.0,0.150000005960464,2.04999995231628,4.26999998092651,0.0,2,44,206,1188,2889,False,,,,,,,,,,1.4306944444444443,0.20833337500000002,300.0,Sunday
8583815059,2016-04-25,4503,3.50999999046326,3.50999999046326,0.0,1.47000002861023,0.239999994635582,1.80999994277954,0.0,18,6,122,1294,2547,False,,,,,,,,,,1.2615277777777778,0.13055550000000002,188.0,Monday
8583815059,2016-04-26,10499,8.1899995803833,8.1899995803833,0.0,0.0700000002980232,4.21999979019165,3.89000010490417,0.0,1,91,214,1134,3093,False,,,,,,,,,,1.5318749999999999,0.2770833333333333,399.0,Tuesday
8583815059,2016-04-27,12474,9.72999954223633,9.72999954223633,0.0,6.59999990463257,0.270000010728836,2.86999988555908,0.0,77,5,129,1229,3142,False,,,,,,,,,,1.5561111111111112,0.2569445,370.0,Wednesday
8583815059,2016-04-28,6174,4.82000017166138,4.82000017166138,0.0,0.0,1.20000004768372,3.60999989509583,0.0,0,28,203,1209,2757,False,,,,,,,,,,1.3652777777777778,0.17986100000000002,259.0,Thursday
8583815059,2016-04-29,15168,11.8299999237061,11.8299999237061,0.0,3.90000009536743,3.0,4.92000007629395,0.0,46,67,258,1069,3513,False,,,,,,,,,,1.7379166666666666,0.368055625,530.0,Friday
8583815059,2016-04-30,10085,7.86999988555908,7.86999988555908,0.0,0.150000005960464,1.27999997138977,6.42999982833862,0.0,2,28,317,1093,3164,False,,,,,,,,,,1.5669444444444445,0.2631944583333333,379.0,Saturday
8583815059,2016-05-01,4512,3.51999998092651,3.51999998092651,0.0,0.779999971389771,0.119999997317791,2.03999996185303,0.0,10,2,117,1311,2596,False,,,,,,,,,,1.2194444444444446,0.104861125,151.0,Sunday
8583815059,2016-05-02,8469,6.6100001335144,6.6100001335144,0.0,0.0,0.0,0.0,0.0,0,0,0,1440,2894,True,,,,,,,,,,1.0,0.0,0.0,Monday
8583815059,2016-05-03,12015,9.36999988555908,9.36999988555908,0.0,0.0,0.0,0.0,0.0,0,0,0,1440,3212,True,,,,,,,,,,1.0,0.0,0.0,Tuesday
8583815059,2016-05-04,3588,2.79999995231628,2.79999995231628,0.0,0.0,0.0,0.0,0.0,0,0,0,1440,2516,True,,,,,,,,,,1.0,0.0,0.0,Wednesday
8583815059,2016-05-05,12427,9.6899995803833,9.6899995803833,0.0,0.0,0.0,1.17999994754791,0.0,0,0,70,1370,3266,False,,,,,,,,,,1.1059722222222221,0.048611125000000005,70.0,Thursday
8583815059,2016-05-06,5843,4.55999994277954,4.55999994277954,0.0,0.140000000596046,1.19000005722046,3.23000001907349,0.0,2,22,166,1250,2683,False,,,,,,,,,,1.328263888888889,0.15,216.0,Friday
8583815059,2016-05-07,6117,4.76999998092651,4.76999998092651,0.0,0.0,0.0,4.76999998092651,0.0,0,0,250,1190,2810,False,,,,,,,,,,1.391736111111111,0.173611125,250.0,Saturday
8583815059,2016-05-08,9217,7.19000005722046,7.19000005722046,0.0,0.219999998807907,3.30999994277954,3.66000008583069,0.0,3,72,182,1183,2940,False,,,,,,,,,,1.4558333333333333,0.23263883333333335,335.0,Sunday
8583815059,2016-05-09,9877,7.69999980926514,7.69999980926514,0.0,5.76000022888184,0.170000001788139,1.73000001907349,0.0,66,4,110,1260,2947,False,,,,,,,,,,1.4557638888888889,0.21944445833333334,316.0,Monday
8583815059,2016-05-10,8240,6.42999982833862,6.42999982833862,0.0,0.689999997615814,2.00999999046326,3.72000002861023,0.0,9,43,162,1226,2846,False,,,,,,,,,,1.407361111111111,0.19097220833333337,275.0,Tuesday
8583815059,2016-05-11,8701,6.78999996185303,6.78999996185303,0.0,0.370000004768372,3.24000000953674,3.17000007629395,0.0,5,71,177,1106,2804,False,,,,,,,,,,1.4749242424242426,0.24772722727272728,327.0,Wednesday
8583815059,2016-05-12,0,0.0,0.0,0.0,0.0,0.0,0.0,0.0,0,0,0,1440,0,True,,,,,,,,,,,,,Thursday
8792009665,2016-04-12,2564,1.63999998569489,1.63999998569489,0.0,0.0,0.0,1.63999998569489,0.0,0,0,116,831,2044,False,1.0,458.0,493.0,,,,68.92157638065112,48.0,135.0,1.2106249999999998,0.080555625,116.0,Tuesday
8792009665,2016-04-13,1320,0.839999973773956,0.839999973773956,0.0,0.0,0.0,0.839999973773956,0.0,0,0,82,806,1934,False,1.0,531.0,552.0,,,,68.50609149676778,43.0,121.0,1.1457638888888888,0.0569445,82.0,Wednesday
8792009665,2016-04-14,1219,0.779999971389771,0.779999971389771,0.0,0.0,0.0,0.779999971389771,0.0,0,0,84,853,1963,False,1.0,486.0,503.0,,,,69.08939820399411,46.0,124.0,1.1625694444444445,0.058333416666666665,84.0,Thursday
8792009665,2016-04-15,2483,1.5900000333786,1.5900000333786,0.0,0.0,0.0,1.5900000333786,0.0,0,0,126,937,2009,False,1.0,363.0,377.0,,,,66.8635228848821,49.0,116.0,1.1900694444444444,0.08750004166666668,126.0,Friday
8792009665,2016-04-16,244,0.159999996423721,0.159999996423721,0.0,0.0,0.0,0.159999996423721,0.0,0,0,12,1428,1721,False,,,,,,,,,,1.019375,0.008333333333333333,12.0,Saturday
8792009665,2016-04-17,0,0.0,0.0,0.0,0.0,0.0,0.0,0.0,0,0,0,1440,1688,True,,,,,,,,,,1.0,0.0,0.0,Sunday
8792009665,2016-04-18,0,0.0,0.0,0.0,0.0,0.0,0.0,0.0,0,0,0,1440,1688,True,,,,,,,,,,1.0,0.0,0.0,Monday
8792009665,2016-04-19,0,0.0,0.0,0.0,0.0,0.0,0.0,0.0,0,0,0,1440,1688,True,,,,,,,,,,1.0,0.0,0.0,Tuesday
8792009665,2016-04-20,3147,2.00999999046326,2.00999999046326,0.0,0.0,0.280000001192093,1.74000000953674,0.0,0,10,139,744,2188,False,1.0,528.0,547.0,,,,69.61815840309079,44.0,120.0,1.296111111111111,0.11041666666666666,159.0,Wednesday
8792009665,2016-04-21,144,0.0900000035762787,0.0900000035762787,0.0,0.0,0.0,0.0900000035762787,0.0,0,0,9,1431,1720,False,,,,,,,80.80434782608695,66.0,108.0,1.0188888888888887,0.0062499999999999995,9.0,Thursday
8792009665,2016-04-22,4068,2.59999990463257,2.59999990463257,0.0,0.0500000007450581,0.280000001192093,2.26999998092651,0.0,1,20,195,817,2419,False,1.0,391.0,407.0,,,,70.26147822992051,44.0,131.0,1.4329166666666668,0.165277875,238.0,Friday
8792009665,2016-04-23,5245,3.35999989509583,3.35999989509583,0.0,0.159999996423721,0.439999997615814,2.75,0.0,8,45,232,795,2748,False,1.0,339.0,360.0,,,,77.82583837273226,48.0,141.0,1.6273611111111113,0.24027779166666666,346.0,Saturday
8792009665,2016-04-24,400,0.259999990463257,0.259999990463257,0.0,0.0399999991059303,0.0500000007450581,0.159999996423721,0.0,3,8,19,1410,1799,False,,,,,,,76.03863298662705,55.0,120.0,1.0659027777777779,0.03055554166666667,44.0,Sunday
8792009665,2016-04-25,0,0.0,0.0,0.0,0.0,0.0,0.0,0.0,0,0,0,1440,1688,True,,,,,,,,,,1.0,0.0,0.0,Monday
8792009665,2016-04-26,1321,0.850000023841858,0.850000023841858,0.0,0.0,0.0,0.850000023841858,0.0,0,0,80,1360,1928,False,,,,,,,69.84311892296185,54.0,114.0,1.141875,0.05555554166666667,80.0,Tuesday
8792009665,2016-04-27,1758,1.12999999523163,1.12999999523163,0.0,0.0,0.0,1.12999999523163,0.0,0,0,112,900,2067,False,1.0,423.0,428.0,,,,68.79205329526529,43.0,132.0,1.223611111111111,0.07777775,112.0,Wednesday
8792009665,2016-04-28,6157,3.94000005722046,3.94000005722046,0.0,0.0,0.0,3.94000005722046,0.0,0,0,310,714,2780,False,1.0,402.0,416.0,,,,76.701621506294,44.0,134.0,1.6464583333333334,0.21527775000000002,310.0,Thursday
8792009665,2016-04-29,8360,5.34999990463257,5.34999990463257,0.0,0.140000000596046,0.280000001192093,4.92999982833862,0.0,6,14,380,634,3101,False,1.0,398.0,406.0,,,,80.91153025710116,48.0,158.0,1.8367361111111111,0.295833375,426.0,Friday
8792009665,2016-04-30,7174,4.59000015258789,4.59000015258789,0.0,0.330000013113022,0.360000014305115,3.91000008583069,0.0,10,20,301,749,2896,False,1.0,343.0,360.0,,,,81.46464198625581,48.0,132.0,1.715486111111111,0.2576388333333333,371.0,Saturday
8792009665,2016-05-01,1619,1.03999996185303,1.03999996185303,0.0,0.0,0.0,1.03999996185303,0.0,0,0,79,834,1962,False,1.0,503.0,527.0,,,,67.81017067223964,43.0,123.0,1.1622916666666667,0.05486108333333334,79.0,Sunday
8792009665,2016-05-02,1831,1.16999995708466,1.16999995708466,0.0,0.0,0.0,1.16999995708466,0.0,0,0,101,916,2015,False,1.0,415.0,423.0,,,,67.40391870512353,45.0,129.0,1.1925694444444443,0.07013891666666668,101.0,Monday
8792009665,2016-05-03,2421,1.54999995231628,1.54999995231628,0.0,0.0,0.0,1.54999995231628,0.0,0,0,156,739,2297,False,1.0,516.0,545.0,,,,74.37193973634652,45.0,119.0,1.3606944444444444,0.10833337500000001,156.0,Tuesday
8792009665,2016-05-04,2283,1.46000003814697,1.46000003814697,0.0,0.0,0.0,1.46000003814697,0.0,0,0,129,848,2067,False,1.0,439.0,463.0,,,,74.97814661134163,51.0,114.0,1.2241666666666666,0.08958333333333333,129.0,Wednesday
8792009665,2016-05-05,0,0.0,0.0,0.0,0.0,0.0,0.0,0.0,0,0,0,1440,1688,True,,,,,,,,,,1.0000694444444445,0.0,0.0,Thursday
8792009665,2016-05-06,0,0.0,0.0,0.0,0.0,0.0,0.0,0.0,0,0,0,1440,1688,True,,,,,,,,,,1.0,0.0,0.0,Friday
8792009665,2016-05-07,0,0.0,0.0,0.0,0.0,0.0,0.0,0.0,0,0,0,1440,1688,True,,,,,,,,,,1.0,0.0,0.0,Saturday
8792009665,2016-05-08,0,0.0,0.0,0.0,0.0,0.0,0.0,0.0,0,0,0,1440,1688,True,,,,,,,,,,1.0,0.0,0.0,Sunday
8792009665,2016-05-09,0,0.0,0.0,0.0,0.0,0.0,0.0,0.0,0,0,0,1440,1688,True,,,,,,,,,,1.0,0.0,0.0,Monday
8792009665,2016-05-10,0,0.0,0.0,0.0,0.0,0.0,0.0,0.0,0,0,0,48,57,False,,,,,,,,,,,,,Tuesday
8877689391,2016-04-12,23186,20.3999996185303,20.3999996185303,0.0,12.2200002670288,0.340000003576279,7.82000017166138,0.0,85,7,312,1036,3921,False,,,,85.8000030517578,25.6800003051758,False,86.54770531400966,47.0,164.0,2.222916666666667,0.4034721666666667,581.0,Tuesday
8877689391,2016-04-13,15337,9.57999992370605,9.57999992370605,0.0,3.54999995231628,0.379999995231628,5.6399998664856,0.0,108,18,216,1098,3566,False,,,,84.9000015258789,25.4099998474121,False,84.74373324006062,50.0,160.0,2.0324305555555555,0.39999999999999997,576.0,Wednesday
8877689391,2016-04-14,21129,18.9799995422363,18.9799995422363,0.0,10.5500001907349,0.589999973773956,7.75,0.0199999995529652,68,13,298,1061,3793,False,,,,84.5,25.3099994659424,False,85.32065217391305,50.0,169.0,2.1635416666666667,0.36666662499999997,528.0,Thursday
8877689391,2016-04-15,13422,7.17000007629395,7.17000007629395,0.0,0.0500000007450581,0.0500000007450581,7.01000022888184,0.0099999997764825,106,1,281,1052,3934,False,,,,,,,91.9323616955763,48.0,165.0,2.2372916666666667,0.417361125,601.0,Friday
8877689391,2016-04-16,29326,25.2900009155273,25.2900009155273,0.0,13.2399997711182,1.21000003814697,10.710000038147,0.0,94,29,429,888,4547,False,,,,85.5,25.5900001525879,False,92.05598386905469,54.0,172.0,2.5775694444444444,0.53402775,769.0,Saturday
8877689391,2016-04-17,15118,8.86999988555908,8.86999988555908,0.0,0.0,0.0700000002980232,8.78999996185303,0.0,58,15,307,1060,3545,False,,,,,,,87.87448891091563,51.0,167.0,2.0110416666666664,0.354861125,511.0,Sunday
8877689391,2016-04-18,11423,8.67000007629395,8.67000007629395,0.0,2.44000005722046,0.270000010728836,5.94000005722046,0.0,29,5,191,1215,2761,False,,,,85.8000030517578,25.6800003051758,False,66.03913176398655,48.0,139.0,1.5644444444444443,0.19999999999999998,288.0,Monday
8877689391,2016-04-19,18785,17.3999996185303,17.3999996185303,0.0,12.1499996185303,0.180000007152557,5.03000020980835,0.0,82,13,214,1131,3676,False,,,,85.3000030517578,25.5300006866455,False,86.588675891837,49.0,178.0,2.0872916666666663,0.3375000416666667,486.0,Tuesday
8877689391,2016-04-20,19948,18.1100006103516,18.1100006103516,0.0,11.0200004577637,0.689999997615814,6.34000015258789,0.0,73,19,225,1123,3679,False,,,,84.9000015258789,25.4099998474121,False,85.49429998719098,51.0,173.0,2.0933333333333333,0.3347222083333334,482.0,Wednesday
8877689391,2016-04-21,19377,17.6200008392334,17.6200008392334,0.0,12.289999961853,0.419999986886978,4.8899998664856,0.0,82,13,226,1119,3659,False,,,,84.5,25.2900009155273,False,87.1338696913743,53.0,170.0,2.0903472222222224,0.34583329166666665,498.0,Thursday
8877689391,2016-04-22,18258,16.3099994659424,16.3099994659424,0.0,10.2299995422363,0.0299999993294477,5.96999979019165,0.0500000007450581,61,2,236,1141,3427,False,,,,,,,82.80519974635384,47.0,163.0,1.9495138888888888,0.29374995833333334,423.0,Friday
8877689391,2016-04-23,11200,7.42999982833862,7.42999982833862,0.0,0.0,0.0,7.40000009536743,0.0099999997764825,102,6,300,1032,3891,False,,,,85.5,25.5900001525879,False,93.94363143631436,53.0,165.0,2.2089583333333334,0.4291666666666667,618.0,Saturday
8877689391,2016-04-24,16674,15.7399997711182,15.7399997711182,0.0,11.0100002288818,0.0099999997764825,4.69000005722046,0.0,64,1,227,1148,3455,False,,,,85.5,25.5900001525879,False,87.28239436619718,51.0,171.0,1.9612500000000002,0.292361125,421.0,Sunday
8877689391,2016-04-25,12986,8.73999977111816,8.73999977111816,0.0,2.36999988555908,0.0700000002980232,6.26999998092651,0.0099999997764825,113,8,218,1101,3802,False,,,,85.4000015258789,25.5599994659424,False,89.80294243986255,49.0,176.0,2.1590972222222224,0.3979167083333333,573.0,Monday
8877689391,2016-04-26,11101,8.43000030517578,8.43000030517578,0.0,1.75999999046326,0.129999995231628,6.5,0.0,22,3,258,1157,2860,False,,,,85.0999984741211,25.4899997711182,False,67.56028870648174,49.0,125.0,1.6247916666666664,0.22916666666666666,330.0,Tuesday
8877689391,2016-04-27,23629,20.6499996185303,20.6499996185303,0.0,13.0699996948242,0.439999997615814,7.09999990463257,0.0,93,8,235,1104,3808,False,,,,85.4000015258789,25.5599994659424,False,84.78037792516581,46.0,163.0,2.1616666666666666,0.36805554166666665,530.0,Wednesday
8877689391,2016-04-28,14890,11.3000001907349,11.3000001907349,0.0,4.92999982833862,0.379999995231628,5.96999979019165,0.0,58,8,231,1143,3060,False,,,,85.0999984741211,25.4899997711182,False,66.80925952972105,47.0,153.0,1.740625,0.2923610833333333,421.0,Thursday
8877689391,2016-04-29,9733,7.3899998664856,7.3899998664856,0.0,1.37999999523163,0.170000001788139,5.78999996185303,0.0,18,5,210,1207,2698,False,,,,84.9000015258789,25.4099998474121,False,64.45597935187841,47.0,131.0,1.536111111111111,0.19027779166666667,274.0,Friday
8877689391,2016-04-30,27745,26.7199993133545,26.7199993133545,0.0,21.6599998474121,0.0799999982118607,4.92999982833862,0.0,124,4,223,1089,4398,False,,,,85.5,25.5900001525879,False,102.18001487726258,49.0,170.0,2.495347222222222,0.4187500833333333,603.0,Saturday
8877689391,2016-05-01,10930,8.31999969482422,8.31999969482422,0.0,3.13000011444092,0.569999992847443,4.57000017166138,0.0,36,12,166,1226,2786,False,,,,85.3000030517578,25.5300006866455,False,70.71352164465986,48.0,145.0,1.582361111111111,0.20694441666666666,298.0,Sunday
8877689391,2016-05-02,4790,3.64000010490417,3.64000010490417,0.0,0.0,0.0,3.55999994277954,0.0,0,0,105,1335,2189,False,,,,,,,65.86236338797814,47.0,108.0,1.2417361111111112,0.07291666666666667,105.0,Monday
8877689391,2016-05-03,10818,8.21000003814697,8.21000003814697,0.0,1.38999998569489,0.100000001490116,6.67000007629395,0.0099999997764825,19,3,229,1189,2817,False,,,,84.9000015258789,25.4099998474121,False,67.47034908173279,48.0,150.0,1.6034027777777777,0.20277775,292.0,Tuesday
8877689391,2016-05-04,18193,16.2999992370605,16.2999992370605,0.0,10.4200000762939,0.310000002384186,5.53000020980835,0.0,66,8,212,1154,3477,False,,,,84.4000015258789,25.2600002288818,False,88.3719927687387,56.0,168.0,1.984513888888889,0.29583329166666666,426.0,Wednesday
8877689391,2016-05-05,14055,10.6700000762939,10.6700000762939,0.0,5.46000003814697,0.819999992847443,4.36999988555908,0.0,67,15,188,1170,3052,False,,,,,,,72.85128036769534,53.0,142.0,1.7418749999999998,0.2909722083333333,419.0,Thursday
8877689391,2016-05-06,21727,19.3400001525879,19.3400001525879,0.0,12.789999961853,0.28999999165535,6.15999984741211,0.0,96,17,232,1095,4015,False,,,,85.0,25.4400005340576,False,92.84012007308797,47.0,177.0,2.2802777777777776,0.3847222083333333,554.0,Friday
8877689391,2016-05-07,12332,8.13000011444092,8.13000011444092,0.0,0.0799999982118607,0.959999978542328,6.98999977111816,0.0,105,28,271,1036,4142,False,,,,,,,100.99724106219105,56.0,166.0,2.35125,0.4458333333333333,642.0,Saturday
8877689391,2016-05-08,10686,8.10999965667725,8.10999965667725,0.0,1.08000004291534,0.200000002980232,6.80000019073486,0.0,17,4,245,1174,2847,False,,,,85.4000015258789,25.5599994659424,False,72.55052319225364,54.0,137.0,1.6159722222222221,0.21111116666666666,304.0,Sunday
8877689391,2016-05-09,20226,18.25,18.25,0.0,11.1000003814697,0.800000011920929,6.23999977111816,0.0500000007450581,73,19,217,1131,3710,False,,,,85.5,25.6100006103516,False,89.61573830793483,51.0,176.0,2.100694444444444,0.32916670833333334,474.0,Monday
8877689391,2016-05-10,10733,8.14999961853027,8.14999961853027,0.0,1.35000002384186,0.46000000834465,6.28000020980835,0.0,18,11,224,1187,2832,False,,,,,,,71.54437680230696,50.0,141.0,1.6066666666666667,0.20833329166666667,300.0,Tuesday
8877689391,2016-05-11,21420,19.5599994659424,19.5599994659424,0.0,13.2200002670288,0.409999996423721,5.8899998664856,0.0,88,12,213,1127,3832,False,,,,85.4000015258789,25.5599994659424,False,89.14912169847086,48.0,180.0,2.1754166666666666,0.34791662500000003,501.0,Wednesday
8877689391,2016-05-12,8064,6.11999988555908,6.11999988555908,0.0,1.82000005245209,0.0399999991059303,4.25,0.0,23,1,137,770,1849,False,,,,84.0,25.1399993896484,False,71.08743947593278,53.0,122.0,1.627738095238095,0.21888893333333334,197.0,Thursday
